sampling_department,faculty_id,profile_url,name,departments,department_count,N_h,quota,n_h,remainder,selection_probability,survey_weight,random_seed,overview_text,woman,sex_evidence,sex_review,has_phd,phd_year,phd_institution,years_since_phd,phd_from_duke,has_ongoing_grant_2026,grant_status_unclear,profile_access_date,scrape_status,she_pronoun_count,he_pronoun_count,they_pronoun_count,gender_code,gender_evidence,first_name,name_proportion_male,name_proportion_female,gender_code_name,gender_method,name_gender_evidence,manual_woman,woman_final
African & African American Studies,adriane.lentz-smith,https://scholars.duke.edu/person/adriane.lentz-smith,Adriane D. Lentz-Smith,"African & African American Studies | Gender, Sexuality & Feminist Studies | History",3,55,11,11,0,0.2,5,322,"Adriane Lentz-Smith is Associate Professor of History and African & African American Studies at Duke University where she teaches courses on modern U. S. and African-American history. The author of Freedom Struggles: African Americans and World War I (Harvard, 2009), Lentz-Smith researches and writes about Black freedom struggles and state power in the long twentieth century. Her work can be found in such journals as Modern American History, Southern Cultures, and American Quarterly. Lentz-Smith works to bring scholars into conversation with broad publics. She has served as an historical consultant for documentaries, television shows and podcasts in the U. S. and Europe and has been featured on various radio programs and podcasts as well as in the PBS documentaries, Voice of Freedom, Forgotten Hero, American Diplomat, and The Great War. As a senior fellow in Duke’s Kenan Institute for Ethics, she hosts the community conversations series, “The Ethics of Now,” which brings authors, journalists, policy makers, and scholars to Durham to discuss matters of pressing importance to the North Carolina community and beyond. Her current project, “The Slow Death of Sagon Penn: State Violence and the Twilight of Civil Rights,” explores how state violence and white supremacy reconstituted each other in the wake of the civil rights gains of the 1960s by tracing the aftermath of one young man’s deadly encounter with the police in 1980s San Diego. Lentz-Smith holds a BA in History from Harvard-Radcliffe and a PhD in History from Yale University. She lives in Durham, North Carolina with her family.",1,"Overview Adriane Lentz-Smith is Associate Professor of History and African & African American Studies at Duke University where she teaches courses on modern U. || Her work can be found in such journals as Modern American History, Southern Cultures, and American Quarterly. || She has served as an historical consultant for documentaries, television shows and podcasts in the U.",auto_pronoun_needs_audit,1,2005,Yale University,21,0,0,FALSE,2026-09-28,success,7,0,0,woman,"Overview Adriane Lentz-Smith is Associate Professor of History and African & African American Studies at Duke University where she teaches courses on modern U. || Her work can be found in such journals as Modern American History, Southern Cultures, and American Quarterly. || She has served as an historical consultant for documentaries, television shows and podcasts in the U.",Adriane,NA,NA,NA,profile_pronouns,NA,NA,1
African & African American Studies,nicki.washington,https://scholars.duke.edu/person/nicki.washington,Alicia Nicki Washington,"African & African American Studies | Computer Science | Gender, Sexuality & Feminist Studies",3,55,11,11,0,0.2,5,322,NA,1,NA,auto_pronoun_needs_audit,1,2005,North Carolina State University,21,0,1,FALSE,2026-09-28,success,0,0,0,woman,NA,Alicia,NA,NA,NA,first_name_ssa_95pct,NA,NA,1
African & African American Studies,aorand,https://scholars.duke.edu/person/aorand,Angela M. O'Rand CV,African & African American Studies | Sociology,2,55,11,11,0,0.2,5,322,"My major research interests focus on patterns of inequality across the life span, with a special interest in the temporal diversity of life transitions, their consequences for later life, and the impact of institutions on these transitions over time. Over forty years I have examined workplace policies related to wage and benefit structures and the impact of workers' educational, work and family histories on socioeconomic outcomes. The changing employment relationship and the re-organization of retirement institutions (especially pensions) have been other central concerns of my research. Most recently, I have turned to the cumulative impact of economic adversity on early-, mid- and later-life health risks, such as heart attack. This research has uncovered the persistent effects of childhood adversity on adult heart attack risk, especially among women. I am expanding this focus over the next few years to examine the more general question of ""life course risks"" and increased economic and social inequalities in life course trajectories of health and wealth across birth cohorts and race-ethnic groups (including the role of debt as a stressor). And, from 2014-2020 I was the Principle Investigator on Duke's NIH P30 Center grant in the Demography and Economics of Aging awarded to the “Center for Population Health and Aging;” Scott Lynch is the current PI appointed for 2020-25. Over the same period I was the Director of the Duke University Population Research Institute.",1,"Overview My major research interests focus on patterns of inequality across the life span, with a special interest in the temporal diversity of life transitions, their consequences for later life, and the impact of institutions on these transitions over time.",auto_pronoun_needs_audit,1,1974,Temple University,52,0,0,FALSE,2026-09-28,success,0,0,1,woman,"Overview My major research interests focus on patterns of inequality across the life span, with a special interest in the temporal diversity of life transitions, their consequences for later life, and the impact of institutions on these transitions over time.",Angela,NA,NA,NA,first_name_ssa_95pct,NA,NA,1
African & African American Studies,annette.josephgabriel,https://scholars.duke.edu/person/annette.josephgabriel,Annette Joseph-Gabriel,"African & African American Studies | Gender, Sexuality & Feminist Studies | Romance Studies",3,55,11,11,0,0.2,5,322,"Annette Joseph-Gabriel is the John Spencer Bassett Associate Professor of Romance Studies. Her research has been supported by awards from the National Endowment for the Humanities, the National Humanities Center, the American Philosophical Society, the Omohundro Institute of Early American History and Culture, the Folger Shakespeare Library, and others.",1,"Her research has been supported by awards from the National Endowment for the Humanities, the National Humanities Center, the American Philosophical Society, the Omohundro Institute of Early American History and Culture, the Folger Shakespeare Library, and others.",auto_pronoun_needs_audit,1,2015,Vanderbilt University,11,0,0,FALSE,2026-09-28,success,1,0,0,woman,"Her research has been supported by awards from the National Endowment for the Humanities, the National Humanities Center, the American Philosophical Society, the Omohundro Institute of Early American History and Culture, the Folger Shakespeare Library, and others.",Annette,NA,NA,NA,profile_pronouns,NA,NA,1
African & African American Studies,Jennifer.Nash,https://scholars.duke.edu/person/Jennifer.Nash,Jennifer Christine Nash,"African & African American Studies | Gender, Sexuality & Feminist Studies",2,55,11,11,0,0.2,5,322,"Jennifer C. Nash is the Jean Fox O'Barr Professor of Gender, Sexuality, and Feminist Studies at Duke University. She is currently the Margaret Taylor Smith Director of Gender, Sexuality, and Feminist Studies, as well as the Director of the Black Feminist Theory Summer Institute. She earned her PhD in African American Studies at Harvard University and her JD at Harvard Law School. Her research interests include black feminist theory; race, gender, and law; intersectionality; black maternal health; and visual culture. She is the author of five books (all published on Duke University Press): The Black Body in Ecstasy: Reading Race, Reading Pornography (awarded the Alan Bray Memorial Book Prize by the GL/Q Caucus of the Modern Language Association) Black Feminism Reimagined: After Intersectionality (awarded the Gloria Anzaldúa Book Prize by the National Women's Studies Association) Birthing Black Mothers (awarded an Honorable Mention for the Gloria Anzaldúa Book Prize by the National Women's Studies Association). How We Write Now: Living with Black Feminist Theory Memory Care: Essays on Forgetting She is also the editor of Gender: Love (Macmillan, 2016), and a co-editor (with Samantha Pinto) of The Routledge Companion to Intersectionalities (Routledge, 2023). She co-edits (with Samantha Pinto) the Black Feminism on the Edge book series on Duke University Press. She is the Editorial Director of Feminist Studies. She has published articles in scholarly journals including Signs, Feminist Studies, Feminist Theory, Social Text, Theory and Event, differences, Frontiers, American Quarterly, and diacritics, and in venues including The Cut, Ms., Boston Review, and Lit Hub.",1,"She is currently the Margaret Taylor Smith Director of Gender, Sexuality, and Feminist Studies, as well as the Director of the Black Feminist Theory Summer Institute. || She earned her PhD in African American Studies at Harvard University and her JD at Harvard Law School. || Her research interests include black feminist theory; race, gender, and law; intersectionality; black maternal health; and visual culture.",auto_pronoun_needs_audit,1,2009,Harvard University,17,0,0,FALSE,2026-09-28,success,11,0,1,woman,"She is currently the Margaret Taylor Smith Director of Gender, Sexuality, and Feminist Studies, as well as the Director of the Black Feminist Theory Summer Institute. || She earned her PhD in African American Studies at Harvard University and her JD at Harvard Law School. || Her research interests include black feminist theory; race, gender, and law; intersectionality; black maternal health; and visual culture.",Jennifer,NA,NA,NA,profile_pronouns,NA,NA,1
African & African American Studies,karla.holloway,https://scholars.duke.edu/person/karla.holloway,Karla Holloway,"African & African American Studies | English | Gender, Sexuality & Feminist Studies",3,55,11,11,0,0.2,5,322,"Karla FC Holloway is James B.Duke Professor of English at Duke University. She also holds appointments in the Law School, Women's Studies and African & African American Studies. Her research and teaching interests focus on African American cultural studies, biocultural studies, gender, ethics and law. Professor Holloway serves on the boards of the Greenwall Foundation's Advisory Board in Bioethics, the Duke University's Center for Documentary Studies, and the Princeton University Council on the Study of Women and Gender. She is an affiliated faculty with the Duke Institute on Care at the End of Life and the Trent Center for Bioethics and Medical Humanities. She has served as Dean of the Humanities and Social Sciences, Chair (and member) of Duke's Appointments, Promotion and Tenure Committee, and as an elected member of the Academic Council and its Executive Council. She is founding co-director of the John Hope Franklin Center and the Franklin Humanities Institute. Professor Holloway is the author of eight books, including Passed On: African-American Mourning Stories (2002) and BookMarks--Reading in Black and White, A Memoir (2006) completed during a residency in Bellagio, Italy as a Rockefeller Foundation Fellow. BookMarks was nominated for the Hurston/Wright Legacy Award for non-fiction. Professor Holloway spent Spring 2008 as Sheila Biddle Ford Foundation Fellow at Harvard University's DuBois Institute. The book she completed during that fellowship, Private Bodies/Public Texts: Race, Gender, & a Cultural Bioethics was published in 2011 by Duke U Press. Legal Fictions: Constituting Race, Composing Literatures will be published by Duke Press in 2014. Professor Holloway was recently elected to the Hastings Center Fellows Association--a selective group of leading researchers who have made a distinguished contribution to the field of bioethics. She has served as a member of Duke University's Board of Trustee's Committee on Honorary Degrees.",1,"She also holds appointments in the Law School, Women's Studies and African & African American Studies. || Her research and teaching interests focus on African American cultural studies, biocultural studies, gender, ethics and law. || She is an affiliated faculty with the Duke Institute on Care at the End of Life and the Trent Center for Bioethics and Medical Humanities.",auto_pronoun_needs_audit,1,1978,Michigan State University,48,0,0,FALSE,2026-09-28,success,7,0,0,woman,"She also holds appointments in the Law School, Women's Studies and African & African American Studies. || Her research and teaching interests focus on African American cultural studies, biocultural studies, gender, ethics and law. || She is an affiliated faculty with the Duke Institute on Care at the End of Life and the Trent Center for Bioethics and Medical Humanities.",Karla,NA,NA,NA,profile_pronouns,NA,NA,1
African & African American Studies,richard.powell,https://scholars.duke.edu/person/richard.powell,Richard J. Powell,"African & African American Studies | Art, Art History & Visual Studies",2,55,11,11,0,0.2,5,322,"Richard J. Powell is John Spencer Bassett Professor of Art & Art History at Duke University, where he has taught since 1989. He studied at Morehouse College and Howard University before earning his doctorate in art history at Yale University. Along with teaching courses in American art, the arts of the African Diaspora, and contemporary visual studies, he has written extensively on topics ranging from primitivism to postmodernism, including such titles as Homecoming: The Art and Life of William H. Johnson (1991), Black Art: A Cultural History (1997 & 2002), and Cutting a Figure: Fashioning Black Portraiture (2008).",0,"Powell is John Spencer Bassett Professor of Art & Art History at Duke University, where he has taught since 1989. || He studied at Morehouse College and Howard University before earning his doctorate in art history at Yale University. || Along with teaching courses in American art, the arts of the African Diaspora, and contemporary visual studies, he has written extensively on topics ranging from primitivism to postmodernism, including such titles as Homecoming: The Art and Life of William H.",auto_pronoun_needs_audit,1,1988,Yale University,38,0,0,FALSE,2026-09-28,success,0,6,1,man,"Powell is John Spencer Bassett Professor of Art & Art History at Duke University, where he has taught since 1989. || He studied at Morehouse College and Howard University before earning his doctorate in art history at Yale University. || Along with teaching courses in American art, the arts of the African Diaspora, and contemporary visual studies, he has written extensively on topics ranging from primitivism to postmodernism, including such titles as Homecoming: The Art and Life of William H.",Richard,NA,NA,NA,profile_pronouns,NA,NA,0
African & African American Studies,tamika.nunley,https://scholars.duke.edu/person/tamika.nunley,Tamika Nunley,African & African American Studies | History,2,55,11,11,0,0.2,5,322,"Tamika Nunley is Professor of History with courses and research focused on the history of slavery, African American women's and gender history, the early Republic, and the American Civil War. Her first book, At the Threshold of Liberty: Women, Slavery, and Shifting Identities in Washington, D.C. (University of North Carolina Press, 2021) reveals how African American women—enslaved, fugitive, and free—imagined new identities and lives beyond the oppressive restrictions intended to prevent them from experiencing liberty, self-respect, and power. Consulting nineteenth-century newspapers, government documents, letters, abolitionist records, legislation, and memoirs, Nunley traces how black women navigated social and legal proscriptions to develop their own ideas about liberty as they escaped from slavery, initiated freedom suits, created entrepreneurial economies, pursued education, and participated in political work. In telling these stories, Nunley places black women at the vanguard of the history of Washington D.C., and illuminates how they contributed to the momentous transformations of nineteenth-century America. This book was named the 2021 Letitia Woods Brown Book prize winner for best book in African American women's history, the 2021 Pauli Murray Book prize winner for best book in Black intellectual history, the 2021 Mary Kelley prize winner for best book published in women, gender, or sexuality in the Early American Republic, and the Francis B. Simkins Prize. Her second book, The Demands of Justice: Enslaved Women, Capital Crime, and Clemency in Early Virginia, 1662-1865 is published with the University of North Carolina Press. This book examines clemency in legal cases that involve enslaved women accused of capital crime in early Virginia. In these legal encounters, we not only see a system that worked to define and affirm a commitment to legal paternalism that upheld the rule of law, but decades of responses made by the countless enslaved women accused of capital offenses. The Demands of Justice examines how these responses constituted the makings of an intellectual history of enslaved women’s articulations of justice. She has published articles and reviews in The Journal of Southern History, The William and Mary Quarterly, The Journal of Women's History, the Journal of American Legal History and the Journal of the Civil War Era. In addition to being a lifetime member of the Association of Black Women Historians and the Association for the Study of African American Life and History, she serves on the editorial board of Civil War History, The Journal of Southern History, and the Journal of the Civil War Era. She has served on committees for the Society for Historians of the Early American Republic, the Society of Civil War Historians, and the Southern Historical Association. Her work has been supported by the Andrew Mellon and Woodrow Wilson foundations as well as the American Association of University Women and the Bright Institute Fellowship. In 2023, the Library of Congress named her the Cary and Ann Maguire Chair in Ethics and American History. She is currently working on a biography of Elizabeth Keckly and has a forthcoming critical edition of The Negro and the American Revolution co-edited with Derrick Spires coming out in 2026 with the Omohundro Institute of Early American History and Culture (UNC Press).",1,"Her first book, At the Threshold of Liberty: Women, Slavery, and Shifting Identities in Washington, D.C. || (University of North Carolina Press, 2021) reveals how African American women—enslaved, fugitive, and free—imagined new identities and lives beyond the oppressive restrictions intended to prevent them from experiencing liberty, self-respect, and power. || Consulting nineteenth-century newspapers, government documents, letters, abolitionist records, legislation, and memoirs, Nunley traces how black women navigated social and legal proscriptions to develop their own ideas about liberty as they escaped from slavery, initiated freedom suits, created entrepreneurial economies, pursued education, and participated in political work.",auto_pronoun_needs_audit,1,2015,University of Virginia,11,0,0,FALSE,2026-09-28,success,10,0,5,woman,"Her first book, At the Threshold of Liberty: Women, Slavery, and Shifting Identities in Washington, D.C. || (University of North Carolina Press, 2021) reveals how African American women—enslaved, fugitive, and free—imagined new identities and lives beyond the oppressive restrictions intended to prevent them from experiencing liberty, self-respect, and power. || Consulting nineteenth-century newspapers, government documents, letters, abolitionist records, legislation, and memoirs, Nunley traces how black women navigated social and legal proscriptions to develop their own ideas about liberty as they escaped from slavery, initiated freedom suits, created entrepreneurial economies, pursued education, and participated in political work.",Tamika,NA,NA,NA,profile_pronouns,NA,NA,1
African & African American Studies,tracie.canada,https://scholars.duke.edu/person/tracie.canada,Tracie Canada,"African & African American Studies | Gender, Sexuality & Feminist Studies",2,55,11,11,0,0.2,5,322,"Tracie Canada is the Andrew W. Mellon Assistant Professor of Cultural Anthropology and Gender, Sexuality, and Feminist Studies at Duke University. She is the founder and director of the HEARTS (Health, Ethnography, and Race through Sports) Lab and is affiliated with the Duke Sports & Race Project. As a cultural anthropologist and ethnographer, she researches and teaches about race, sport, kinship, and the performing body. Her research has been supported by the Mellon Mays Undergraduate Fellowship, the National Science Foundation, the Wenner-Gren Foundation for Anthropological Research, the National Collegiate Athletic Association, and the Knight Commission on Intercollegiate Athletics. She is also a NSF CAREER Award grantee. For more information, please visit her website: www.traciecanada.com. Her book, Tackling the Everyday: Race and Nation in Big-Time College Football (University of California Press, 2025), is an ethnography about the lived experiences of Black college football players. This work moves off the gridiron into the daily lives of the young Black athletes that sustain this American sport. Informed by more than a year of ethnographic research at universities in the southeastern United States, this book tells how institutional systems and everyday spaces order, discipline, and enact violence against Black players. Through an analysis of college athletes, Blackness, and two types of care, she argues that Black college football players successfully move through their everyday lives by reimagining certain kinship relationships and relying on various geographies of care. An overall goal of her ethnographic research is to recenter and decanonize not only what we consider to be anthropological knowledge, but also who we consider to be academic and public knowledge producers. She is committed to bringing current social, political, and popular culture events into the intellectual conversation, and to highlighting how valuable lived and embodied knowledge can be. In her current and future projects, she aims to acknowledge what football, and the lived experiences of its Black players, can tell us about racial, historical, political, and power dynamics in the contemporary United States. She is particularly interested in the performing body to reveal how social hierarchies and inequalities manifest in embodied practice and how processes of violence and care are both impactful.",1,"She is the founder and director of the HEARTS (Health, Ethnography, and Race through Sports) Lab and is affiliated with the Duke Sports & Race Project. || As a cultural anthropologist and ethnographer, she researches and teaches about race, sport, kinship, and the performing body. || Her research has been supported by the Mellon Mays Undergraduate Fellowship, the National Science Foundation, the Wenner-Gren Foundation for Anthropological Research, the National Collegiate Athletic Association, and the Knight Commission on Intercollegiate Athletics.",auto_pronoun_needs_audit,1,2020,University of Virginia,6,0,1,FALSE,2026-09-28,success,12,0,1,woman,"She is the founder and director of the HEARTS (Health, Ethnography, and Race through Sports) Lab and is affiliated with the Duke Sports & Race Project. || As a cultural anthropologist and ethnographer, she researches and teaches about race, sport, kinship, and the performing body. || Her research has been supported by the Mellon Mays Undergraduate Fellowship, the National Science Foundation, the Wenner-Gren Foundation for Anthropological Research, the National Collegiate Athletic Association, and the Knight Commission on Intercollegiate Athletics.",Tracie,NA,NA,NA,profile_pronouns,NA,NA,1
African & African American Studies,wah,https://scholars.duke.edu/person/wah,Wahneema H. Lubiano,"African & African American Studies | Gender, Sexuality & Feminist Studies",2,55,11,11,0,0.2,5,322,NA,NA,NA,manual_review_required,1,1987,Stanford University,39,0,0,FALSE,2026-09-28,success,0,0,0,unknown,NA,Wahneema,NA,NA,NA,manual_review,NA,0,1
African & African American Studies,zakiyyah.jackson,https://scholars.duke.edu/person/zakiyyah.jackson,Zakiyyah Iman Jackson,"African & African American Studies | Gender, Sexuality & Feminist Studies",2,55,11,11,0,0.2,5,322,"Zakiyyah Iman Jackson is Associate Professor of Theory in the Department of Literature at Duke University. She is the author of Becoming Human: Matter and Meaning in an Antiblack World, winner of the Harry Levin First Book Prize from the American Comparative Literature Association, the Gloria Anzaldúa Book Award from the National Women’s Studies Association, and the Lambda Literary Award in LGBT Studies. Jackson’s research examines how black diasporic literature, moving image, and visual art engage—and transform—the historical concerns, epistemologies, and rhetoric of Western science and philosophy. Her work reveals the disavowed literary and aesthetic dimensions of these disciplines while clarifying the constitutive role of antiblackness in their metaphysical frameworks. She approaches black diasporic speculative and experimental practices as modes of theory and philosophy in their own right and investigates their formal strategies for what they afford in (dis)ordering the reigning operations of perception, sense, and thought. Jackson’s research situates and critically interrogates authoritative conceptualizations of being and existence, demonstrating that literature and visual art—as well as their study—play a vital role in shaping philosophy and scientific thought. Jackson’s work has appeared in journals including Feminist Studies, e-flux, GLQ, Qui Parle, South Atlantic Quarterly, e-flux, and Catalyst: Feminism, Theory, and Technoscience, as well as in exhibition catalogues for the Hammer Museum, the Whitney Biennial, the Venice Architecture Biennale, the Whitechapel Gallery, and Studio Museum in Harlem. Her articles are available at zakiyyahimanjackson.com.",1,"She is the author of Becoming Human: Matter and Meaning in an Antiblack World, winner of the Harry Levin First Book Prize from the American Comparative Literature Association, the Gloria Anzaldúa Book Award from the National Women’s Studies Association, and the Lambda Literary Award in LGBT Studies. || Her work reveals the disavowed literary and aesthetic dimensions of these disciplines while clarifying the constitutive role of antiblackness in their metaphysical frameworks. || She approaches black diasporic speculative and experimental practices as modes of theory and philosophy in their own right and investigates their formal strategies for what they afford in (dis)ordering the reigning operations of perception, sense, and thought.",auto_pronoun_needs_audit,0,NA,NA,NA,NA,0,FALSE,2026-09-28,success,4,0,5,woman,"She is the author of Becoming Human: Matter and Meaning in an Antiblack World, winner of the Harry Levin First Book Prize from the American Comparative Literature Association, the Gloria Anzaldúa Book Award from the National Women’s Studies Association, and the Lambda Literary Award in LGBT Studies. || Her work reveals the disavowed literary and aesthetic dimensions of these disciplines while clarifying the constitutive role of antiblackness in their metaphysical frameworks. || She approaches black diasporic speculative and experimental practices as modes of theory and philosophy in their own right and investigates their formal strategies for what they afford in (dis)ordering the reigning operations of perception, sense, and thought.",Zakiyyah,NA,NA,NA,profile_pronouns,NA,NA,1
"Art, Art History & Visual Studies",wharton,https://scholars.duke.edu/person/wharton,Annabel J. Wharton,"Art, Art History & Visual Studies",1,56,11.2,11,0.2000000000000011,0.19642857142857145,5.090909090909091,322,"ANNABEL WHARTON, William B. Hamilton Professor of Art History, Duke University. She served as the first female Vincent Scully Visiting Professor at the Yale School of Architecture in 2014 and as the Harry Porter Visiting Professor of Architectural History, University of Virginia School of Architecture in 2019. She received her Ph.D. at the Courtauld Institute, London University. Initially her research focused on Late Ancient and Byzantine art and culture (Art of Empire [Penn State] and Refiguring the Post-Classical City [Cambridge]). Then she began to investigate the effects of modernity on ancient landscapes, notably in Building the Cold War: Hilton International Hotels and Modern Architecture (Chicago, 2001). She has combined her interests in the Ancient and the Modern in her last two books: Selling Jerusalem: Relics, Replicas, Theme Parks (Chicago, 2006) and Architectural Agents: The Delusional, Abusive, Addictive Lives of Buildings (Minnesota, 2015). Architectural Agents considers material and digital buildings as agents that both endure pain and inflict it. Her new book, Models and World Making: Buildings, Bodies, Black Boxes (University of Virginia Press) will appear at the end of 2021.",1,"She served as the first female Vincent Scully Visiting Professor at the Yale School of Architecture in 2014 and as the Harry Porter Visiting Professor of Architectural History, University of Virginia School of Architecture in 2019. || She received her Ph.D. || Initially her research focused on Late Ancient and Byzantine art and culture (Art of Empire [Penn State] and Refiguring the Post-Classical City [Cambridge]).",auto_pronoun_needs_audit,1,1975,University of London (United Kingdom),51,0,0,FALSE,2026-09-28,success,10,0,0,woman,"She served as the first female Vincent Scully Visiting Professor at the Yale School of Architecture in 2014 and as the Harry Porter Visiting Professor of Architectural History, University of Virginia School of Architecture in 2019. || She received her Ph.D. || Initially her research focused on Late Ancient and Byzantine art and culture (Art of Empire [Penn State] and Refiguring the Post-Classical City [Cambridge]).",Annabel,NA,NA,NA,profile_pronouns,NA,NA,1
"Art, Art History & Visual Studies",c.bruzelius,https://scholars.duke.edu/person/c.bruzelius,Caroline Bruzelius,"Art, Art History & Visual Studies",1,56,11.2,11,0.2000000000000011,0.19642857142857145,5.090909090909091,322,"Caroline Bruzelius is the Anne M. Cogan Professor of Art, Art History, and Visual Studies at Duke University. She is a member of the American Philosophical Society, The American Academy of Arts and Sciences, and a Fellow of the Society of Antiquaries, London, and the Medieval Academy of America. Bruzelius received her Ph.D. from Yale University. She was awarded the Duke Alumni Distinguished Teaching Award in 1985 and in 2016 was given the Leadership award for the Wired! Lab at Duke. From 1994-1998, she served as the Director of the American Academy in Rome. In 2013-2014 she was the Richard Krautheimer Visiting Professor at the Hertziana Library/Max Planck Institute in Rome. Her field of research is Gothic architecture, urbanism and medieval sculpture in France and Italy. Her books include: Preaching, Building and Burying: Friars in the Medieval City (Yale University Press, 2014); Medieval Naples (with William Tronzo), Italica Press; The Stones of Naples: Church Building in the Angevin Italy, 1266-1343 (Yale University Press, 2004); The Thirteenth Century Church at Saint Denis (Yale University Press, 1985), The Brummer Collection of Medieval Art at Duke University (1991), and The Abbey Church of Longpont and the Architecture of the Cistercians in the Early Thirteenth Century (1977). She is presently working on a new book, The Cathedral and the City, that will examine the social, political and economic context for cathedral building. She has also published numerous articles on the architecture of religious women (""Nuns in Space,"") and Digital Technologies in Art History. ""My work takes me from the tops of buildings (see photo) to the foundations underneath and to all parts in between. I am interested in how we can understand the construction process of buildings that were created many centuries ago, and how their design and appearance reflected social, economic, and religious practice. The rigorous study of structures and walls and the historical documentation in archives are the points of departure for narratives on the shaping of man-made space and its significance."" ""The remarkable capacities of digital modeling and mapping have greatly enriched the ways in which we can engage with the constantly changing and evolving lives of buildings and cities."" At Duke, Bruzelius and a group of colleagues have integrated these new technologies into teaching and research projects that involve students at all levels (from freshmen through Ph.D. candidates) in creating digital models, maps, databases and interactive displays that enhance our understanding of historical monuments and their decoration. Bruzelius is a co-founder of Wired! (http://www.dukewired.org/), a group of faculty that integrate digital technologies into teaching and research (3D modeling, mapping, animations, laser scanning, interactive displays). She is also a co-founder (with Donatella Calabi) of Visualizing Venice (http://www.visualizingvenice.org/), an international collaboration that models growth and change in Venice over time (the partner universities are Venice and Padua). With a team of research collaborators, she created The Kingdom of Sicily Image Database, a search tool that collects and catalogues historical images (often produced during the Grand Tour) of the medieval monuments of the Kingdom of Sicily (the database will be imminently online).",1,"She is a member of the American Philosophical Society, The American Academy of Arts and Sciences, and a Fellow of the Society of Antiquaries, London, and the Medieval Academy of America. || Bruzelius received her Ph.D. || She was awarded the Duke Alumni Distinguished Teaching Award in 1985 and in 2016 was given the Leadership award for the Wired!",auto_pronoun_needs_audit,1,1977,Yale University,49,0,0,FALSE,2026-09-28,success,11,0,2,woman,"She is a member of the American Philosophical Society, The American Academy of Arts and Sciences, and a Fellow of the Society of Antiquaries, London, and the Medieval Academy of America. || Bruzelius received her Ph.D. || She was awarded the Duke Alumni Distinguished Teaching Award in 1985 and in 2016 was given the Leadership award for the Wired!",Caroline,NA,NA,NA,profile_pronouns,NA,NA,1
"Art, Art History & Visual Studies",dore.bowen,https://scholars.duke.edu/person/dore.bowen,Dore Bowen,"Art, Art History & Visual Studies",1,56,11.2,11,0.2000000000000011,0.19642857142857145,5.090909090909091,322,"Dore Bowen, PhD, writes on modern and contemporary art, focusing on photography and installation. She examines how artists employ various media to reflect on the limits of experience within modernity, or to propose new kinds of experience. In her writing on such practices she employs methods that highlight the experiential, including phenomenology and queer feminist art history. In 2019 Bowen published Bruce Nauman: Spatial Encounters, with Constance M. Lewallen (University of California Press), instigated by her 2018 reinstallation of Nauman’s San Jose Installation (Double Wedge Corridor with Mirror) (1970). Currently, she is completing a monograph charting the diorama from 1822 to the present, focusing on the counter-modern experience of time cultivated in these visual displays. Bowen´s curated exhibitions include Early Man on a Modern Road (Quinson, France, 2009), and the paired exhibitions Soit dit en passant (Marseille, 2006) and Not Given: Talking of and Around Photographs of Arab Women (San Francisco, 2007), both of which focused on the way keywords lend a gendered meaning to photographs held at the Arab Image Foundation. Bowen publishes regularly in art journals, and is currently an editor-at-large at the Brooklyn Rail. Her work has been supported by fellowships and grants from the Camargo Foundation, Clark Art Institute, Centre Allemand d’histoire de l’art, and the Getty Research Center. See Bowen's website for more information.",1,"She examines how artists employ various media to reflect on the limits of experience within modernity, or to propose new kinds of experience. || In her writing on such practices she employs methods that highlight the experiential, including phenomenology and queer feminist art history. || Lewallen (University of California Press), instigated by her 2018 reinstallation of Nauman’s San Jose Installation (Double Wedge Corridor with Mirror) (1970).",auto_pronoun_needs_audit,1,2004,University of Rochester,22,0,0,FALSE,2026-09-28,success,6,0,0,woman,"She examines how artists employ various media to reflect on the limits of experience within modernity, or to propose new kinds of experience. || In her writing on such practices she employs methods that highlight the experiential, including phenomenology and queer feminist art history. || Lewallen (University of California Press), instigated by her 2018 reinstallation of Nauman’s San Jose Installation (Double Wedge Corridor with Mirror) (1970).",Dore,NA,NA,NA,profile_pronouns,NA,NA,1
"Art, Art History & Visual Studies",Franklin.Cason,https://scholars.duke.edu/person/Franklin.Cason,Franklin Cason Jr.,"Art, Art History & Visual Studies",1,56,11.2,11,0.2000000000000011,0.19642857142857145,5.090909090909091,322,"Franklin Cason, Jr. is an Assistant Professor of the Practice in the Department of Art, Art History & Visual Studies at Duke University. In 2019-2020 He earned a Ph.D. from the University of Florida and an MFA from the School of the Art Institute of Chicago. He was visiting professor at Franklin Humanities Institute at Duke University (2019-2020). His research explores aesthetics and pragmatism in African-American cinema. His most recent essays, “Symbiopsychotaxiplasticity: Some Takes on William Greaves,” co-authored with Tsitsi Jaji, was recently published in Cultural Studies in a special issue on Theorizing Production, “Beyond Category: Black Souls on Screen,” in Black Camera, and “Ghosts and the Machine: When Documenting Past Black Life Haunts its Present,” published in the documentary journal, World Records.",0,In 2019-2020 He earned a Ph.D. || He was visiting professor at Franklin Humanities Institute at Duke University (2019-2020). || His research explores aesthetics and pragmatism in African-American cinema.,auto_pronoun_needs_audit,1,2010,University of Florida,16,0,0,FALSE,2026-09-28,success,0,4,0,man,In 2019-2020 He earned a Ph.D. || He was visiting professor at Franklin Humanities Institute at Duke University (2019-2020). || His research explores aesthetics and pragmatism in African-American cinema.,Franklin,NA,NA,NA,profile_pronouns,NA,NA,0
"Art, Art History & Visual Studies",julia.mchugh,https://scholars.duke.edu/person/julia.mchugh,Julia McHugh,"Art, Art History & Visual Studies",1,56,11.2,11,0.2000000000000011,0.19642857142857145,5.090909090909091,322,"Julia K. McHugh, Ph.D., is the Trent A. Carmichael Director of Academic Initiatives and Curator of Arts of the Americas at the Nasher Museum of Art at Duke University. In this position, she oversees the museum's holdings of ancient and colonial art from across the Americas and develops exhibitions and interdisciplinary collaborations with Duke faculty, students, and staff. She also serves as Adjunct Assistant Professor of Art History and directs the Museum Theory and Practice concentration. McHugh specializes in ancient and colonial Peruvian art and earned her Ph.D. in Art History from the University of California, Los Angeles. Prior to the Nasher, she was the Douglass Foundation Fellow in American Art at The Metropolitan Museum of Art and a Research Assistant at the Getty Research Institute, where she assisted with the production of Golden Kingdoms: Luxury and Legacy in the Ancient Americas, a major exhibition of Pre-Columbian art. She has also held positions in the curatorial and education departments of the Los Angeles County Museum of Art and the Fine Arts Museums of San Francisco.",1,"In this position, she oversees the museum's holdings of ancient and colonial art from across the Americas and develops exhibitions and interdisciplinary collaborations with Duke faculty, students, and staff. || She also serves as Adjunct Assistant Professor of Art History and directs the Museum Theory and Practice concentration. || McHugh specializes in ancient and colonial Peruvian art and earned her Ph.D.",auto_pronoun_needs_audit,1,2017,"University of California, Los Angeles",9,0,1,FALSE,2026-09-28,success,6,0,0,woman,"In this position, she oversees the museum's holdings of ancient and colonial art from across the Americas and develops exhibitions and interdisciplinary collaborations with Duke faculty, students, and staff. || She also serves as Adjunct Assistant Professor of Art History and directs the Museum Theory and Practice concentration. || McHugh specializes in ancient and colonial Peruvian art and earned her Ph.D.",Julia,NA,NA,NA,profile_pronouns,NA,NA,1
"Art, Art History & Visual Studies",kkl9,https://scholars.duke.edu/person/kkl9,Kimberly Kay Lamm CV,"Art, Art History & Visual Studies | Gender, Sexuality & Feminist Studies",2,56,11.2,11,0.2000000000000011,0.19642857142857145,5.090909090909091,322,"My scholarship brings together Anglophone literature, contemporary art, visual culture, and feminist theory. I have a particular interest in the feminist engagement with psychoanalysis, the various ways language figures into feminism, and aesthetic practices such as fashion that challenge the devaluation of femininity. I enjoy teaching interdisciplinary courses that work with literature, art, and film to illuminate the feminist imagination. My first book, Addressing the Other Woman: Textual Correspondences in Feminist Art and Writing (Manchester University Press, 2018) demonstrates the significance of visual and textual manifestations of language to feminist art practices of the late 1960s and 1970s. It focuses on the work of three artists –Adrian Piper, Nancy Spero, and Mary Kelly—and shows that their work expressed a shared desire to transform how women in western culture are perceived. I argue that language (as system, text, and speech) was crucial to bringing viewers into that collective project. At the heart of this book is the ‘other woman,’ a figure who encapsulates the utopian wish to reach other women and correspond with them across similarities and differences. To reveal this address, I pair the artwork of Piper, Spero, and Kelly with the writings of Angela Davis, Valerie Solanas, and Laura Mulvey. By tracing the correspondences between these artists and writers, I argue we can better appreciate how together they created the imaginary conditions in which feminism could take hold as a collective practice and a shared idiom. I recently published Riddles of the Sphinx, a BFI Classics book devoted to Laura Mulvey and Peter Wollen’s avant-garde feminist film from 1977. I read Riddles as an essay film and explore how it utilizes voice, sound, and writing to challenge Hollywood's dominant images of women and to portray maternal care as a legitimate form of work, rich in aesthetic pleasures and feminist possibilities. In early 2026, my book Writing in the Kitchen with Martha Rosler and Carrie Mae Weems: From Reproductive Labor to the Affective Labor of the Image will come out with Punctum Books. Along with Anna Backman Rogers, I am editing Laura Mulvey: Feminist Legacies, which will be published in 2026 by BFI/Bloomsbury. I have published my research in Australian Feminist Studies, Callaloo, Cultural Critique, Feminist Theory, Oxford Art Journal, Public Art Dialogue, Psychoanalysis, Culture, and Society, Women's Studies Quarterly, and Women & Performance: A Journal of Feminist Theory.",1,"It focuses on the work of three artists –Adrian Piper, Nancy Spero, and Mary Kelly—and shows that their work expressed a shared desire to transform how women in western culture are perceived. || At the heart of this book is the ‘other woman,’ a figure who encapsulates the utopian wish to reach other women and correspond with them across similarities and differences. || By tracing the correspondences between these artists and writers, I argue we can better appreciate how together they created the imaginary conditions in which feminism could take hold as a collective practice and a shared idiom.",auto_pronoun_needs_audit,1,2007,University of Washington,19,0,0,FALSE,2026-09-28,success,0,0,3,woman,"It focuses on the work of three artists –Adrian Piper, Nancy Spero, and Mary Kelly—and shows that their work expressed a shared desire to transform how women in western culture are perceived. || At the heart of this book is the ‘other woman,’ a figure who encapsulates the utopian wish to reach other women and correspond with them across similarities and differences. || By tracing the correspondences between these artists and writers, I argue we can better appreciate how together they created the imaginary conditions in which feminism could take hold as a collective practice and a shared idiom.",Kimberly,NA,NA,NA,first_name_ssa_95pct,NA,NA,1
"Art, Art History & Visual Studies",miraxenia.schwerda,https://scholars.duke.edu/person/miraxenia.schwerda,Mira Xenia Schwerda,"Art, Art History & Visual Studies",1,56,11.2,11,0.2000000000000011,0.19642857142857145,5.090909090909091,322,"Dr. Mira Xenia Schwerda is a historian of photography and new media, modern Middle Eastern art, and global print culture. Her book manuscript-in-progress, tentatively titled ""Between Art and Propaganda: Photographing Revolution in Modern Iran (1905-1911),"" focuses on the imagery of the Iranian Constitutional Revolution and presents a new history of the visual narratives of political and social change brought about by the triad of the telegraph, printing press, and photography. Having received her PhD from Harvard in 2020, after completing an MA in the History of Art and Archaeology at Princeton and a Magister Artium in History and Middle Eastern Studies at the University of Tübingen, she has previously worked at the Harvard Art Museums, where she curated the photography section of the exhibition Technologies of the Image: Art in 19th-Century Iran. Dr. Schwerda is also the co-editor of the journal 'Art in Translation,' a founding member and the former managing director of 'Khamseen: Islamic Art History Online,' and the co-founder of the 'Virtual Islamic Art History Seminar Series (VIAHSS).'",NA,"Her book manuscript-in-progress, tentatively titled ""Between Art and Propaganda: Photographing Revolution in Modern Iran (1905-1911),"" focuses on the imagery of the Iranian Constitutional Revolution and presents a new history of the visual narratives of political and social change brought about by the triad of the telegraph, printing press, and photography. || Having received her PhD from Harvard in 2020, after completing an MA in the History of Art and Archaeology at Princeton and a Magister Artium in History and Middle Eastern Studies at the University of Tübingen, she has previously worked at the Harvard Art Museums, where she curated the photography section of the exhibition Technologies of the Image: Art in 19th-Century Iran. || Schwerda is also the co-editor of the journal 'Art in Translation,' a founding member and the former managing director of 'Khamseen: Islamic Art History Online,' and the co-founder of the 'Virtual Islamic Art History Seminar Series (VIAHSS).' Current Duke Appointments & Affiliations Assistant Professor of Art, Art History & Visual Studies · 2025 - Present Art, Art History & Visual Studies, Trinity College of Arts & Sciences Recent Scholarly Works Crafting the Image of Constitutionalism: the Phenomenon of Bast in Turn-of-the-Century Iran and the Visualization of Protest Book section · July 21, 2025 Full text Cite Editorial: Printmaking and Print Culture in the Middle East Journal article Art in Translation · January 1, 2024 Full text Cite Interview with Parviz Tanavoli on Printmaking and Intermediality, January 2025 Journal article Art in Translation · January 1, 2024 This interview with contemporary artist Parviz Tanavoli focuses on his lesser-known work as a printmaker, especially his screen-print series titled Poet, his collecting of historical prints from the Qajar period, and the translation and dissemination of re ...",manual_review_required,1,2020,Harvard University,6,0,0,FALSE,2026-09-28,success,4,3,0,review_conflict,"Her book manuscript-in-progress, tentatively titled ""Between Art and Propaganda: Photographing Revolution in Modern Iran (1905-1911),"" focuses on the imagery of the Iranian Constitutional Revolution and presents a new history of the visual narratives of political and social change brought about by the triad of the telegraph, printing press, and photography. || Having received her PhD from Harvard in 2020, after completing an MA in the History of Art and Archaeology at Princeton and a Magister Artium in History and Middle Eastern Studies at the University of Tübingen, she has previously worked at the Harvard Art Museums, where she curated the photography section of the exhibition Technologies of the Image: Art in 19th-Century Iran. || Schwerda is also the co-editor of the journal 'Art in Translation,' a founding member and the former managing director of 'Khamseen: Islamic Art History Online,' and the co-founder of the 'Virtual Islamic Art History Seminar Series (VIAHSS).' Current Duke Appointments & Affiliations Assistant Professor of Art, Art History & Visual Studies · 2025 - Present Art, Art History & Visual Studies, Trinity College of Arts & Sciences Recent Scholarly Works Crafting the Image of Constitutionalism: the Phenomenon of Bast in Turn-of-the-Century Iran and the Visualization of Protest Book section · July 21, 2025 Full text Cite Editorial: Printmaking and Print Culture in the Middle East Journal article Art in Translation · January 1, 2024 Full text Cite Interview with Parviz Tanavoli on Printmaking and Intermediality, January 2025 Journal article Art in Translation · January 1, 2024 This interview with contemporary artist Parviz Tanavoli focuses on his lesser-known work as a printmaker, especially his screen-print series titled Poet, his collecting of historical prints from the Qajar period, and the translation and dissemination of re ...",Mira,NA,NA,NA,manual_review,NA,1,1
"Art, Art History & Visual Studies",Stephen.Hayes,https://scholars.duke.edu/person/Stephen.Hayes,Stephen Hayes,"Art, Art History & Visual Studies",1,56,11.2,11,0.2000000000000011,0.19642857142857145,5.090909090909091,322,NA,0,"Current Duke Appointments & Affiliations Esbenshade Assistant Professor of the Practice of Art, Art History and Visual Studies · 2022 - Present Art, Art History & Visual Studies, Trinity College of Arts & Sciences Assistant Professor of the Practice of Art, Art History & Visual Studies · 2021 - Present Art, Art History & Visual Studies, Trinity College of Arts & Sciences Recent News Items Published January 17, 2023 Artist Stephen Hayes Sculpts from History with an Eye on Changing the Future Published November 10, 2021 [UPDATED] Duke Artist To Discuss His Tribute to Civil War Black Union Soldiers, Jan.",auto_pronoun_needs_audit,0,NA,NA,NA,NA,0,FALSE,2026-09-28,success,0,1,0,man,"Current Duke Appointments & Affiliations Esbenshade Assistant Professor of the Practice of Art, Art History and Visual Studies · 2022 - Present Art, Art History & Visual Studies, Trinity College of Arts & Sciences Assistant Professor of the Practice of Art, Art History & Visual Studies · 2021 - Present Art, Art History & Visual Studies, Trinity College of Arts & Sciences Recent News Items Published January 17, 2023 Artist Stephen Hayes Sculpts from History with an Eye on Changing the Future Published November 10, 2021 [UPDATED] Duke Artist To Discuss His Tribute to Civil War Black Union Soldiers, Jan.",Stephen,NA,NA,NA,profile_pronouns,NA,NA,0
"Art, Art History & Visual Studies",sr76,https://scholars.duke.edu/person/sr76,Sumathi Ramaswamy,"Art, Art History & Visual Studies | History",2,56,11.2,11,0.2000000000000011,0.19642857142857145,5.090909090909091,322,"I am a cultural historian of South Asia and the British Empire and my research over the last few years has been largely in the areas of visual studies, the history of cartography, and gender. My recent publications in this area include The Goddess and the Nation: Mapping Mother India (Duke University Press, 2010); and four edited volumes, Barefoot Across the Nation: Maqbool Fida Husain and the Idea of India (Routledge, 2010), Empires of Vision (co-edited with Martin Jay, Duke University Press, 2014), Motherland: Pushpamala N.'s Woman and Nation (co-edited with Monica Juneja, 2022), and Photographing Civil Disobedience: Bombay 1930-1931 (with Avrati Bhatnagar, 2025). My pictorial monograph titled Husain's Raj: Visions of Empire and Nation was published in 2016 by Marg, Mumbai. My work in popular visual history also led me in 2006 to co-establish Tasveerghar: A Digital Network of South Asian Popular Visual Culture. For a number of years, I also worked on a project on Gandhi and visual culture funded by the Humboldt Foundation which honored me in 2016 with the Annaliese Maier Research Award. In the sphere of public visual humanities, I published two works in 2020: Gandhi in the Gallery:The Art of Disobdience, and a digital project titled B is for Bapu: Gandhi in the Art of the Child in Modern India. More recently, I have been involved in a project titled ""Disobedient Subjects: Bombay, 1930-1931,"" about which you can learn more here. I am also pursuing a research agenda on the cultures of learning in colonial and postcolonial India. As part of this agenda, I published a monograph titled Terrestrial Lessons: The Conquest of the World as Globe (University of Chicago Press, 2017), in which I explore the debates in colonial India about the shape and disposition of the earth in the universe and examine the course of science education conducted around the terrestrial globe as a pedagogic object as it enters Indian schools. A second project on Indian philanthropy and higher education draws upon my experience as Program Officer for Education, Arts & Culture for the Ford Foundation in New Delhi (2002-2005). It charts the ethical, economic and political impulses that have governed private philanthropy directed towards the establishment of colleges and universities across British India from the early 19th century into the 1950s. Since 2018, I have had the honor to serve as the elected President of the American Institute of Indian Studies, completing my second term in June 2026.",NA,NA,manual_review_required,1,1992,"University of California, Berkeley",34,0,0,FALSE,2026-09-28,success,0,0,0,unknown,NA,Sumathi,NA,NA,NA,manual_review,NA,1,1
"Art, Art History & Visual Studies",susanna.caviglia,https://scholars.duke.edu/person/susanna.caviglia,Susanna Caviglia,"Art, Art History & Visual Studies",1,56,11.2,11,0.2000000000000011,0.19642857142857145,5.090909090909091,322,"Susanna Caviglia took her degrees at the Sapienza University in Rome and the Pantheon-Sorbonne University in Paris. She teaches courses on Early Modern Art and Visual Culture. Her research interests focus on French and Italian Art in the long Eighteenth century, Early Modern theory and practice of drawing, representations of the body in art, and cross-cultural relationships within the Mediterranean world. She is the author of Charles-Joseph Natoire, 1700-1777 (2012) and History, painting, and the seriousness of pleasure in the age of Louis XV (2020), and the editor of L’événement “tragique” aux époques moderne et contemporaine: définition, représentations (with Michel Cassan, 2009); Le prince et les arts en France et en Italie, XIVe-XVIIIe siècles (2011); and Body Narratives: Motion and Emotion in the French Enlightenment (2017). Before joining Duke University, Professor Caviglia taught at the University of Limoges (France) and the University of Chicago. In France, she acquired curatorial expertise working at the Centre Georges Pompidou, the musée Condé in Chantilly the musée du Louvre, and the musée des Beaux-Arts in Nîmes. She is currently working on two new books. The first project, with Niall Atkinson, is tentatively entitled Wandering in Rome: French travelers and the image of the early modern city and investigates the aesthetics of wandering that constituted the experience of Rome for Early Modern French travelers. The second project, tentatively entitled Representing the other: French encounters with Rome and Istanbul (1669-1775), analyzes the way in which French visual and cultural production mediated and made sense of newly constituted cultural and racial differences within the Mediterranean as a means to institute a politics of ritual statecraft during the long 18th-century. Professor Caviglia is the Editor-in-Chief of the series The Body in Art (Brepols) and the Field Editor for 18th-century art for caa.reviews",1,"Overview Susanna Caviglia took her degrees at the Sapienza University in Rome and the Pantheon-Sorbonne University in Paris. || She teaches courses on Early Modern Art and Visual Culture. || Her research interests focus on French and Italian Art in the long Eighteenth century, Early Modern theory and practice of drawing, representations of the body in art, and cross-cultural relationships within the Mediterranean world.",auto_pronoun_needs_audit,1,2002,Universite Paris 1 Pantheon-Sorbonne (France),24,0,0,FALSE,2026-09-28,success,6,0,0,woman,"Overview Susanna Caviglia took her degrees at the Sapienza University in Rome and the Pantheon-Sorbonne University in Paris. || She teaches courses on Early Modern Art and Visual Culture. || Her research interests focus on French and Italian Art in the long Eighteenth century, Early Modern theory and practice of drawing, representations of the body in art, and cross-cultural relationships within the Mediterranean world.",Susanna,NA,NA,NA,profile_pronouns,NA,NA,1
"Art, Art History & Visual Studies",ves4,https://scholars.duke.edu/person/ves4,Victoria Szabo,"Art, Art History & Visual Studies | Gender, Sexuality & Feminist Studies",2,56,11.2,11,0.2000000000000011,0.19642857142857145,5.090909090909091,322,"My primary teaching and research interests are in the intersection of digital humanities and computational media. My current projects focus on archives-driven, extended reality (XR) experiences in urban, exurban, and exhibition contexts, with ongoing attention to location-based augmented reality (AR), digital storytelling, and artificial intelligence (AI) in cultural heritage and media arts. I am Director of Graduate Studies for the Computational Media, Arts & Cultures PhD and of the Information Science + Studies Graduate Certificate and Lab. I am also a core member of the Digital Art History & Visual Culture Research Lab at Duke, and of the international Visualizing Cities collaborative. I am co-Director of the Duke-DKU Presence Lab, currently supported by the The Institute for Global Higher Education at DKU and Duke Bass Connections. Recent collaborative digital projects include Digital Durham, NC Jukebox (NC mountain music), Ghett/App (architectural history of the Venetian Ghetto), A Worthy Place: Duke, Durham, and the World of the 1920s-30s, and Virtual Black Charlotte, in collaboration with Johnson C Smith University. A new project, Visualizing Lovecraft's Providence, explores the multimodal digital remediation of fictive places and spaces as a form of literary adaptation. I also co-create video game based art installations with Psychasthenia Studio, and engage in digital arts curation and exhibition projects within the digital arts community at ACM SIGGRAPH, where I am currently Chair of the Art Advisory Group and a member of the Digital Arts Community Committee. orcid.org/0000-0001-8008-5187",1,NA,auto_pronoun_needs_audit,1,2000,University of Rochester,26,0,0,FALSE,2026-09-28,success,0,0,0,woman,NA,Victoria,NA,NA,NA,first_name_ssa_95pct,NA,NA,1
Asian & Middle Eastern Studies,abbas.benmamoun,https://scholars.duke.edu/person/abbas.benmamoun,Abbas Benmamoun,Asian & Middle Eastern Studies,1,47,9.4,9,0.4000000000000003,0.1914893617021277,5.222222222222222,322,"Abbas Benmamoun is the vice provost for faculty advancement, a position responsible for providing intellectual leadership, guidance and oversight of university-wide strategies and programs to enhance faculty excellence. He oversees faculty and leadership development programs, including programs to recruit and hire outstanding and diverse faculty, and partner with schools, departments, and centers to enhance faculty success at Duke and promote an inclusive and equitable learning, research, and work environment. Prior to joining Duke, Dr. Benmamoun served as vice provost for faculty affairs and academic policies at the University of Illinois at Urbana–Champaign. He additionally served in different leadership roles at the University of Illinois, including as acting director of the Center of Middle Eastern and Asian Studies, head of the Department of Linguistics, director of the School of Literatures, Cultures, and Linguistics, and Associate Provost for Faculty Development. A native of Morocco, Benmamoun earned his Bachelor of Arts degree from the Mohammed V University in Rabat, Morocco, his master’s degree from University College London, and his Ph.D. from the University of Southern California. Benmamoun’s research focuses on the comparative syntax and morphology of natural language and on heritage languages, particularly on issues of language maintenance and loss within immigrant communities. He is the author of “The Feature Structure of Functional Categories”, co-author of “The Syntax of Arabic”, and co-editor of the “Routledge Handbook of Arabic Linguistics.” Administrative Assistant: Jan Carico Pronouns: he/him/his",0,"He oversees faculty and leadership development programs, including programs to recruit and hire outstanding and diverse faculty, and partner with schools, departments, and centers to enhance faculty success at Duke and promote an inclusive and equitable learning, research, and work environment. || He additionally served in different leadership roles at the University of Illinois, including as acting director of the Center of Middle Eastern and Asian Studies, head of the Department of Linguistics, director of the School of Literatures, Cultures, and Linguistics, and Associate Provost for Faculty Development. || A native of Morocco, Benmamoun earned his Bachelor of Arts degree from the Mohammed V University in Rabat, Morocco, his master’s degree from University College London, and his Ph.D.",auto_pronoun_needs_audit,1,1992,University of Southern California,34,0,1,FALSE,2026-09-28,success,0,9,1,man,"He oversees faculty and leadership development programs, including programs to recruit and hire outstanding and diverse faculty, and partner with schools, departments, and centers to enhance faculty success at Duke and promote an inclusive and equitable learning, research, and work environment. || He additionally served in different leadership roles at the University of Illinois, including as acting director of the Center of Middle Eastern and Asian Studies, head of the Department of Linguistics, director of the School of Literatures, Cultures, and Linguistics, and Associate Provost for Faculty Development. || A native of Morocco, Benmamoun earned his Bachelor of Arts degree from the Mohammed V University in Rabat, Morocco, his master’s degree from University College London, and his Ph.D.",Abbas,NA,NA,NA,profile_pronouns,NA,NA,0
Asian & Middle Eastern Studies,anshul.jain,https://scholars.duke.edu/person/anshul.jain,Anshul Jain,Asian & Middle Eastern Studies,1,47,9.4,9,0.4000000000000003,0.1914893617021277,5.222222222222222,322,"Anshul Jain is an Instructor of Hindi in the Department of Asian & Middle Eastern Studies at Duke University. She teaches beginning and intermediate Hindi, with an emphasis on developing communicative proficiency and building student confidence in real-world language use. Her courses prioritize interactive speaking, collaborative learning, and engagement with cultural contexts to foster meaningful and sustained language generation. Her commitment to teaching excellence has been recognized at both the college and departmental levels, including distinction among the top 5% of instructors in Trinity College.",1,"She teaches beginning and intermediate Hindi, with an emphasis on developing communicative proficiency and building student confidence in real-world language use. || Her courses prioritize interactive speaking, collaborative learning, and engagement with cultural contexts to foster meaningful and sustained language generation. || Her commitment to teaching excellence has been recognized at both the college and departmental levels, including distinction among the top 5% of instructors in Trinity College.",auto_pronoun_needs_audit,0,NA,NA,NA,NA,0,FALSE,2026-09-28,success,3,0,0,woman,"She teaches beginning and intermediate Hindi, with an emphasis on developing communicative proficiency and building student confidence in real-world language use. || Her courses prioritize interactive speaking, collaborative learning, and engagement with cultural contexts to foster meaningful and sustained language generation. || Her commitment to teaching excellence has been recognized at both the college and departmental levels, including distinction among the top 5% of instructors in Trinity College.",Anshul,NA,NA,NA,profile_pronouns,NA,NA,1
Asian & Middle Eastern Studies,eileen.chow,https://scholars.duke.edu/person/eileen.chow,Eileen Chengyin Chow,Asian & Middle Eastern Studies,1,47,9.4,9,0.4000000000000003,0.1914893617021277,5.222222222222222,322,"Eileen Cheng-yin Chow is Associate Professor of the Practice in Chinese and Japanese Cultural Studies at Duke University, and one of the founding directors of Story Lab at Duke. She is Director of Graduate Studies for Duke Asian Pacific Studies Institute, as well as its interim director of APSI for 2025-26. She is also a founding/core faculty member of Duke Asian American and Diaspora Studies. Elsewhere, Eileen is Director of the Cheng Shewo Institute of Chinese Journalism at Shih Hsin University in Taipei, Taiwan, and she co-directs the Biographical Literature Press and its longstanding Chinese-language history journal, Biographical Literature. Eileen serves on the executive board of the LA Review of Books, and as co-editor of the Duke University Press book series, Sinotheory. Among Eileen’s ongoing collaborative projects this year include co-editing the Routledge Introduction to Modern and Contemporary East Asian Literature; serving as dramaturg for Jingqiu Guan's multimedia dance project on rail travel and the Asian diaspora; and also, with Mae Ngai (Columbia), editing the unpublished writings of pioneer Asian American author Louis Chu. Eileen received her A.B. in Literature from Harvard (with academic sojourns at the Sorbonne, National Taiwan University, and the University of Perugia), and her Ph.D in Comparative Literature from Stanford. Find her on most socials at @chowleen.",1,"She is Director of Graduate Studies for Duke Asian Pacific Studies Institute, as well as its interim director of APSI for 2025-26. || She is also a founding/core faculty member of Duke Asian American and Diaspora Studies. || Elsewhere, Eileen is Director of the Cheng Shewo Institute of Chinese Journalism at Shih Hsin University in Taipei, Taiwan, and she co-directs the Biographical Literature Press and its longstanding Chinese-language history journal, Biographical Literature.",auto_pronoun_needs_audit,1,2000,Stanford University,26,0,0,FALSE,2026-09-28,success,6,0,0,woman,"She is Director of Graduate Studies for Duke Asian Pacific Studies Institute, as well as its interim director of APSI for 2025-26. || She is also a founding/core faculty member of Duke Asian American and Diaspora Studies. || Elsewhere, Eileen is Director of the Cheng Shewo Institute of Chinese Journalism at Shih Hsin University in Taipei, Taiwan, and she co-directs the Biographical Literature Press and its longstanding Chinese-language history journal, Biographical Literature.",Eileen,NA,NA,NA,profile_pronouns,NA,NA,1
Asian & Middle Eastern Studies,eunyoung.kim,https://scholars.duke.edu/person/eunyoung.kim,Eunyoung Kim,Asian & Middle Eastern Studies,1,47,9.4,9,0.4000000000000003,0.1914893617021277,5.222222222222222,322,NA,NA,NA,manual_review_required,0,NA,NA,NA,NA,0,FALSE,2026-09-28,success,0,0,0,unknown,NA,Eunyoung,NA,NA,NA,manual_review,NA,1,1
Asian & Middle Eastern Studies,Fadi.Bardawil,https://scholars.duke.edu/person/Fadi.Bardawil,Fadi A Bardawil,Asian & Middle Eastern Studies,1,47,9.4,9,0.4000000000000003,0.1914893617021277,5.222222222222222,322,NA,0,NA,auto_pronoun_needs_audit,1,2010,Columbia University,16,0,0,FALSE,2026-09-28,success,0,0,0,man,NA,Fadi,NA,NA,NA,first_name_ssa_95pct,NA,NA,0
Asian & Middle Eastern Studies,Jia.Yan,https://scholars.duke.edu/person/Jia.Yan,Jia Yan,Asian & Middle Eastern Studies,1,47,9.4,9,0.4000000000000003,0.1914893617021277,5.222222222222222,322,NA,NA,NA,manual_review_required,0,NA,NA,NA,NA,0,FALSE,2026-09-28,success,0,0,0,unknown,NA,Jia,0.2895,0.7105,NA,manual_review,NA,1,1
Asian & Middle Eastern Studies,Sarah.Baker,https://scholars.duke.edu/person/Sarah.Baker,Sarah Baker,Asian & Middle Eastern Studies,1,47,9.4,9,0.4000000000000003,0.1914893617021277,5.222222222222222,322,"Sarah Baker has a Ph.D. in Middle Eastern Languages and Cultures (with a specialty in Hebrew Bible/Ancient Near East) from the University of Texas at Austin, where she taught both Biblical and Modern Hebrew for several years and received the student-nominated “Foreign Language Teaching Excellence Award.” She has developed a variety of innovative Biblical Hebrew curricula (in-person and online) for UT Austin, Ridley College (Australia), and eTeacher Group (Israel), as well as served in both administrative/editorial and instructional roles for the National Association of Professors of Hebrew, the Biblical Language Center, and the Institute for Biblical Languages and Translation. Scholarly work that she has presented for conferences and peer-reviewed journals engages topics such as Hebrew language pedagogy, the social significance of biblical texts for the communities that composed and transmitted them (e.g., her dissertation work on the performative impact of Hebrew psalms), and clarifying linguistic and literary features of these texts in order to achieve more precise readings. Her present research deals with practical techniques for fostering genuine language acquisition in the ancient language classroom by integrating key principles of modern language pedagogy.",1,"in Middle Eastern Languages and Cultures (with a specialty in Hebrew Bible/Ancient Near East) from the University of Texas at Austin, where she taught both Biblical and Modern Hebrew for several years and received the student-nominated “Foreign Language Teaching Excellence Award.” She has developed a variety of innovative Biblical Hebrew curricula (in-person and online) for UT Austin, Ridley College (Australia), and eTeacher Group (Israel), as well as served in both administrative/editorial and instructional roles for the National Association of Professors of Hebrew, the Biblical Language Center, and the Institute for Biblical Languages and Translation. || Scholarly work that she has presented for conferences and peer-reviewed journals engages topics such as Hebrew language pedagogy, the social significance of biblical texts for the communities that composed and transmitted them (e.g., her dissertation work on the performative impact of Hebrew psalms), and clarifying linguistic and literary features of these texts in order to achieve more precise readings. || Her present research deals with practical techniques for fostering genuine language acquisition in the ancient language classroom by integrating key principles of modern language pedagogy.",auto_pronoun_needs_audit,1,2018,"University of Texas, Austin",8,0,0,FALSE,2026-09-28,success,5,0,1,woman,"in Middle Eastern Languages and Cultures (with a specialty in Hebrew Bible/Ancient Near East) from the University of Texas at Austin, where she taught both Biblical and Modern Hebrew for several years and received the student-nominated “Foreign Language Teaching Excellence Award.” She has developed a variety of innovative Biblical Hebrew curricula (in-person and online) for UT Austin, Ridley College (Australia), and eTeacher Group (Israel), as well as served in both administrative/editorial and instructional roles for the National Association of Professors of Hebrew, the Biblical Language Center, and the Institute for Biblical Languages and Translation. || Scholarly work that she has presented for conferences and peer-reviewed journals engages topics such as Hebrew language pedagogy, the social significance of biblical texts for the communities that composed and transmitted them (e.g., her dissertation work on the performative impact of Hebrew psalms), and clarifying linguistic and literary features of these texts in order to achieve more precise readings. || Her present research deals with practical techniques for fostering genuine language acquisition in the ancient language classroom by integrating key principles of modern language pedagogy.",Sarah,NA,NA,NA,profile_pronouns,NA,NA,1
Asian & Middle Eastern Studies,shasha.yang,https://scholars.duke.edu/person/shasha.yang,Shasha Yang,Asian & Middle Eastern Studies,1,47,9.4,9,0.4000000000000003,0.1914893617021277,5.222222222222222,322,NA,1,NA,auto_pronoun_needs_audit,0,NA,NA,NA,NA,0,FALSE,2026-09-28,success,0,0,0,woman,NA,Shasha,NA,NA,NA,first_name_ssa_95pct,NA,NA,1
Asian & Middle Eastern Studies,yan.l,https://scholars.duke.edu/person/yan.l,Yan Liu,Asian & Middle Eastern Studies,1,47,9.4,9,0.4000000000000003,0.1914893617021277,5.222222222222222,322,"Dr. Yan Liu is an Associate Professor of the Practice in Asian and Middle Eastern Studies (AMES) and Linguistics, and Director of the Chinese Language Program at Duke University. She earned her Ph.D. in Second Language Acquisition from Carnegie Mellon University and joined Duke in 2013. Dr. Liu served as a board member of the Chinese Language Teachers Association (CLTA) from 2022-2025, and is currently Vice Chair of the Cultures & Languages Across the Curriculum (CLAC) Consortium. In recent years, Dr. Liu has focused on Chinese curriculum design, pedagogy innovation, and teaching material development. She created ""Chinese Translation and Interpretation"" (CHINESE 332) for third-year Chinese heritage students, as well as two interdisciplinary courses for Chinese international students and advanced-level students: Understanding China and the U.S.: Stereotypes, Conflicts, and Common Challenges (CHINESE 450S) and China and the U.S. in the Age of Climate Change"" (CHINESE 451S). She has also developed and taught CLAC (Curriculum across Languages and Cultures) courses in Mandarin, including Voices in Global Health: Mandarin Tutorial (GLHLTH 270T/AMES 270T), Voices in the Environment: Mandarin Tutorial (ENVIRON 269T-3/CHINESE 269T), and Voices in Public Policy: Mandarin Tutorial (PUBPOL 273T-3/CHINESE 273T). In 2022, she offered Chinese Sociolinguistics, cross-listed in AMES and linguistics. Her teaching integrates community-based learning, service-learning, visual arts, games, fake-news analysis, and culturally responsive teaching approaches to foster students' learning and provide an equitable learning environment. For her contributions, Dr. Liu received Duke's ""Betsy Alden Outstanding Service-Learning Award"" in 2020 and ACTFL’s Klett Award for Sustainable Development Education in the World Language Classroom in 2025. Dr. Liu’s research centers on teaching and learning Chinese as a second, a foreign language, or a heritage language. Her work addresses L2 reading, heritage language writing, assessment, pedagogy, and curriculum design. She has published journal articles or book chapters, and presented at major conferences, including theose of the American Association for Applied Linguistics (AAAL), the National Chinese Language Conference (NCLC), the American Council on the Teaching of Foreign Languages (ACTFL), the Chinese Language Teachers Association (CLTA), and international symposia on Chinese teaching and learning. She also serves as a reviewer for Routledge, Journal of Chinese as a Second Language, International Journal of Chinese language Teaching, and Studies in Chinese Learning and Teaching.",1,"She earned her Ph.D. || She created ""Chinese Translation and Interpretation"" (CHINESE 332) for third-year Chinese heritage students, as well as two interdisciplinary courses for Chinese international students and advanced-level students: Understanding China and the U.S.: Stereotypes, Conflicts, and Common Challenges (CHINESE 450S) and China and the U.S. || She has also developed and taught CLAC (Curriculum across Languages and Cultures) courses in Mandarin, including Voices in Global Health: Mandarin Tutorial (GLHLTH 270T/AMES 270T), Voices in the Environment: Mandarin Tutorial (ENVIRON 269T-3/CHINESE 269T), and Voices in Public Policy: Mandarin Tutorial (PUBPOL 273T-3/CHINESE 273T).",auto_pronoun_needs_audit,1,2013,Carnegie Mellon University,13,0,0,FALSE,2026-09-28,success,10,0,0,woman,"She earned her Ph.D. || She created ""Chinese Translation and Interpretation"" (CHINESE 332) for third-year Chinese heritage students, as well as two interdisciplinary courses for Chinese international students and advanced-level students: Understanding China and the U.S.: Stereotypes, Conflicts, and Common Challenges (CHINESE 450S) and China and the U.S. || She has also developed and taught CLAC (Curriculum across Languages and Cultures) courses in Mandarin, including Voices in Global Health: Mandarin Tutorial (GLHLTH 270T/AMES 270T), Voices in the Environment: Mandarin Tutorial (ENVIRON 269T-3/CHINESE 269T), and Voices in Public Policy: Mandarin Tutorial (PUBPOL 273T-3/CHINESE 273T).",Yan,NA,NA,NA,profile_pronouns,NA,NA,1
Biology,andrea.marritt,https://scholars.duke.edu/person/andrea.marritt,Andrea Marie Marritt-Pabalate,Biology,1,99,19.8,20,0.8000000000000007,0.202020202020202,4.95,322,"Andrea Marritt-Pabalate, Ph.D. joined the Duke community in 2019 and is currently the Associate Dean of Undergraduate Education for Trinity College. She also served as an Academic Dean and worked closely with the Health Professions Advising Office, directing the Cardea Fellows program and developing MCAT preparation opportunities for students. Before coming to Duke University, Andrea was an associate professor of biology and started a pre-health post-baccalaureate program at Meredith College. She attended Virginia Tech for her undergraduate career and received a BS in Biochemistry. Andrea continued her education in Washington, DC at Georgetown University, conducting research focused on the nicotinic receptor as she earned her Ph.D. in Neuropharmacology.",1,"She also served as an Academic Dean and worked closely with the Health Professions Advising Office, directing the Cardea Fellows program and developing MCAT preparation opportunities for students. || She attended Virginia Tech for her undergraduate career and received a BS in Biochemistry. || Andrea continued her education in Washington, DC at Georgetown University, conducting research focused on the nicotinic receptor as she earned her Ph.D.",auto_pronoun_needs_audit,0,NA,NA,NA,NA,0,FALSE,2026-09-28,success,6,0,0,woman,"She also served as an Academic Dean and worked closely with the Health Professions Advising Office, directing the Cardea Fellows program and developing MCAT preparation opportunities for students. || She attended Virginia Tech for her undergraduate career and received a BS in Biochemistry. || Andrea continued her education in Washington, DC at Georgetown University, conducting research focused on the nicotinic receptor as she earned her Ph.D.",Andrea,NA,NA,NA,profile_pronouns,NA,NA,1
Biology,Christoph.Schmidt,https://scholars.duke.edu/person/Christoph.Schmidt,Christoph F. Schmidt,Biology | Physics,2,99,19.8,20,0.8000000000000007,0.202020202020202,4.95,322,NA,0,"Journal article Current biology : CB · April 2026 Mechanoreceptors can be motile and actively amplify their mechanical input.1,2,3,4 We here found that the responses of mechanoreceptor cells can also be shaped actively by contrac ...",auto_pronoun_needs_audit,0,NA,NA,NA,NA,1,FALSE,2026-09-28,success,0,0,1,man,"Journal article Current biology : CB · April 2026 Mechanoreceptors can be motile and actively amplify their mechanical input.1,2,3,4 We here found that the responses of mechanoreceptor cells can also be shaped actively by contrac ...",Christoph,NA,NA,NA,first_name_ssa_95pct,NA,NA,0
Biology,cliff,https://scholars.duke.edu/person/cliff,Clifford W. Cunningham,Biology,1,99,19.8,20,0.8000000000000007,0.202020202020202,4.95,322,NA,0,NA,auto_pronoun_needs_audit,1,1991,Yale University,35,0,0,FALSE,2026-09-28,success,0,0,0,man,NA,Clifford,NA,NA,NA,first_name_ssa_95pct,NA,NA,0
Biology,david.sherwood,https://scholars.duke.edu/person/david.sherwood,David R. Sherwood,Biology,1,99,19.8,20,0.8000000000000007,0.202020202020202,4.95,322,"The Sherwood lab is interested in understanding mechanisms that drive dynamic cellular behaviors underlying normal development and human disease. We study 1) How cells invade into tissues, 2) How stem cells interact with their niches, and 3) How cells control and interact with extracellular matrix. Our lab primarily examines C. elegans development, in which simple cellular complexity, amenability to genetics/genomics/transgenics/molecular perturbations, and evolutionary comparisons facilitates powerful insights. One particular emphasis of our work is live-cell imaging, where we watch cellular behaviors and cell-extracellular matrix interactions unfold in real-time to understand their regulation and function. Cell invasion, stem cell regulation, and cell-matrix interactions are fundamental to development, regeneration, cancer, and aging. Our work aims to advance our understanding of these fascinating processes and positively influence human health.",0,"We study 1) How cells invade into tissues, 2) How stem cells interact with their niches, and 3) How cells control and interact with extracellular matrix. || One particular emphasis of our work is live-cell imaging, where we watch cellular behaviors and cell-extracellular matrix interactions unfold in real-time to understand their regulation and function.",auto_pronoun_needs_audit,1,1997,Duke University,29,1,1,FALSE,2026-09-28,success,0,0,2,man,"We study 1) How cells invade into tissues, 2) How stem cells interact with their niches, and 3) How cells control and interact with extracellular matrix. || One particular emphasis of our work is live-cell imaging, where we watch cellular behaviors and cell-extracellular matrix interactions unfold in real-time to understand their regulation and function.",David,NA,NA,NA,first_name_ssa_95pct,NA,NA,0
Biology,gwray,https://scholars.duke.edu/person/gwray,Gregory Allan Wray,Biology,1,99,19.8,20,0.8000000000000007,0.202020202020202,4.95,322,"I study the evolution of genes and genomes with the broad aim of understanding the origins of biological diversity. My approach focuses on changes in the expression of genes using both empirical and computational approaches and spans scales of biological organization from single nucleotides through gene networks to entire genomes. At the finer end of this spectrum of scale, I am focusing on understanding the functional consequences and fitness components of specific genetic variants within regulatory sequences of several genes associated with ecologically relevant traits. At the other end of the scale, I am developing molecular and analytical methods to detect changes in gene function throughout entire genomes, including statistical frameworks for detecting natural selection on regulatory elements and empirical approaches to identify functional variation in transcriptional regulation. At intermediate scales, I am investigating functional variation within a dense gene network in the context of wild populations and natural perturbations. My research leverages the advantages of several different model systems, but primarily focuses on sea urchins and primates (including humans).",0,NA,auto_pronoun_needs_audit,1,1987,Duke University,39,1,1,FALSE,2026-09-28,success,0,0,0,man,NA,Gregory,NA,NA,NA,first_name_ssa_95pct,NA,NA,0
Biology,hfn,https://scholars.duke.edu/person/hfn,H. Frederik Nijhout,Biology,1,99,19.8,20,0.8000000000000007,0.202020202020202,4.95,322,"Fred Nijhout is broadly interested in developmental physiology and in the interactions between development and evolution. He has several lines of research ongoing in his laboratory that on the surface may look independent from one another, but all share a conceptual interest in understanding how complex traits arise through, and are affected by, the interaction of genetic and environmental factors. 1) The control of polyphenic development in insects. This work attempts to understand how the insect developmental hormones, ecdysone and juvenile hormone, act to control alternative developmental pathways within a single individual. His studies and those of his students have dealt with the control of sequential polyphenism in metamorphosis, of alternate polyphenisms in caste determination of social insects and the many seasonal forms of insects. 2) The regulation of organ and body size in insects. Ongoing research deals with the mechanism by which insects asses their body size and stop growing when they have achieved a characteristic size. Other studies deal with the control of growth and size of imaginal disks. This work is revealing that the control of body and organ size does not reside in any specific cellular or molecular mechanism but that it is a systems property in which cellular, physiological and environmental signals all contribute in inextricable ways to produce the final phenotype. 3) The development and evolution of color patterns in Lepidoptera. Ongoing research attempts to elucidate the evolution of mimicry using genetic and genomic approaches. 4) The development, genetics and evolution of complex traits. Complex traits are those whose variation is affected by many genes and environmental factors and whose inheritance does not follow Mendel’s laws. In practice this involves understanding how genetic and developmental networks operate when there is allelic variation in their genes. This work attempts to reconstruct complex traits through mathematical models of the genetic and developmental processes by which they originate, and uses these models to study the effects of mutation and selection. Currently metabolic networks are being used to develop a deeper understanding of the functional relationships between genetic variation and trait variation, and of the mechanisms by which genetic and environmental variables interact to produce phenotypes. More on web page: http://www.biology.duke.edu/nijhout/",0,"He has several lines of research ongoing in his laboratory that on the surface may look independent from one another, but all share a conceptual interest in understanding how complex traits arise through, and are affected by, the interaction of genetic and environmental factors. || His studies and those of his students have dealt with the control of sequential polyphenism in metamorphosis, of alternate polyphenisms in caste determination of social insects and the many seasonal forms of insects. || Ongoing research deals with the mechanism by which insects asses their body size and stop growing when they have achieved a characteristic size.",auto_pronoun_needs_audit,1,1974,Harvard University,52,0,0,FALSE,2026-09-28,success,0,4,5,man,"He has several lines of research ongoing in his laboratory that on the surface may look independent from one another, but all share a conceptual interest in understanding how complex traits arise through, and are affected by, the interaction of genetic and environmental factors. || His studies and those of his students have dealt with the control of sequential polyphenism in metamorphosis, of alternate polyphenisms in caste determination of social insects and the many seasonal forms of insects. || Ongoing research deals with the mechanism by which insects asses their body size and stop growing when they have achieved a characteristic size.",H,NA,NA,NA,profile_pronouns,NA,NA,0
Biology,jenny.tung,https://scholars.duke.edu/person/jenny.tung,Jenny Tung,Biology,1,99,19.8,20,0.8000000000000007,0.202020202020202,4.95,322,NA,0,"Current Duke Appointments & Affiliations Adjunct Professor in the Department of Evolutionary Anthropology · 2026 - Present Evolutionary Anthropology, Trinity College of Arts & Sciences Associate Professor of Biology · 2018 - Present Biology, Trinity College of Arts & Sciences Faculty Research Scholar of DuPRI's Population Research Center · 2010 - Present Duke Population Research Center, Duke Population Research Institute Faculty Research Scholar of DuPRI's Center for Population Health & Aging · 2011 - Present Center for Population Health & Aging, Duke Population Research Institute Faculty Network Member of the Duke Institute for Brain Sciences · 2012 - Present Duke Institute for Brain Sciences, University Institutes and Centers Affiliate of the Duke Initiative for Science & Society · 2014 - Present Duke Science & Society, University Initiatives & Academic Support Units Recent News Items Published May 3, 2024 Five Duke Faculty Elected to National Academy of Sciences Published August 2, 2022 These Baboons Borrowed a Third of Their Genes From Their Cousins Published April 6, 2021 A Male Baboon’s Dominance Gives Him Babies, but Costs Him Years View All News Items Recent Scholarly Works Lifetime fitness and annual survival are heritable and highly genetically correlated in a wild primate population. || Journal article Proceedings of the National Academy of Sciences of the United States of America · May 2026 Over six decades of research on wild baboons and their close relatives (collectively, the African papionins) have uncovered substantial variation in their behavior and social systems. || Journal article Scientific data · March 2026 Long-term data sets on individually recognized animals and their environments are critical to understanding animal behavior, evolution, and ecology.",auto_pronoun_needs_audit,1,2010,Duke University,16,1,1,FALSE,2026-09-28,success,0,2,6,man,"Current Duke Appointments & Affiliations Adjunct Professor in the Department of Evolutionary Anthropology · 2026 - Present Evolutionary Anthropology, Trinity College of Arts & Sciences Associate Professor of Biology · 2018 - Present Biology, Trinity College of Arts & Sciences Faculty Research Scholar of DuPRI's Population Research Center · 2010 - Present Duke Population Research Center, Duke Population Research Institute Faculty Research Scholar of DuPRI's Center for Population Health & Aging · 2011 - Present Center for Population Health & Aging, Duke Population Research Institute Faculty Network Member of the Duke Institute for Brain Sciences · 2012 - Present Duke Institute for Brain Sciences, University Institutes and Centers Affiliate of the Duke Initiative for Science & Society · 2014 - Present Duke Science & Society, University Initiatives & Academic Support Units Recent News Items Published May 3, 2024 Five Duke Faculty Elected to National Academy of Sciences Published August 2, 2022 These Baboons Borrowed a Third of Their Genes From Their Cousins Published April 6, 2021 A Male Baboon’s Dominance Gives Him Babies, but Costs Him Years View All News Items Recent Scholarly Works Lifetime fitness and annual survival are heritable and highly genetically correlated in a wild primate population. || Journal article Proceedings of the National Academy of Sciences of the United States of America · May 2026 Over six decades of research on wild baboons and their close relatives (collectively, the African papionins) have uncovered substantial variation in their behavior and social systems. || Journal article Scientific data · March 2026 Long-term data sets on individually recognized animals and their environments are critical to understanding animal behavior, evolution, and ecology.",Jenny,NA,NA,NA,manual_review,NA,NA,1
Biology,jolantam,https://scholars.duke.edu/person/jolantam,Jolanta Maria Miadlikowska,Biology,1,99,19.8,20,0.8000000000000007,0.202020202020202,4.95,322,NA,1,NA,auto_pronoun_needs_audit,0,NA,NA,NA,NA,1,FALSE,2026-09-28,success,0,0,0,woman,NA,Jolanta,NA,NA,NA,first_name_ssa_95pct,NA,NA,1
Biology,lisa.cameron,https://scholars.duke.edu/person/lisa.cameron,Lisa Cameron,Biology,1,99,19.8,20,0.8000000000000007,0.202020202020202,4.95,322,NA,1,NA,auto_pronoun_needs_audit,1,2001,Stanford University,25,0,0,FALSE,2026-09-28,success,0,0,0,woman,NA,Lisa,NA,NA,NA,first_name_ssa_95pct,NA,NA,1
Biology,meagan.dunphy-daly,https://scholars.duke.edu/person/meagan.dunphy-daly,Meagan Mna Dunphy-Daly,Biology,1,99,19.8,20,0.8000000000000007,0.202020202020202,4.95,322,NA,1,"Current Duke Appointments & Affiliations Assistant Professor of the Practice in Experiential Education in the Division of Marine Science and Conservation · 2023 - Present Marine Science and Conservation, Nicholas School of the Environment Associate Dean of Experiential Education and Undergraduate Research · 2023 - Present Nicholas School of the Environment Assistant Professor of the Practice of Biology · 2025 - Present Biology, Trinity College of Arts & Sciences Recent News Items Published September 24, 2025 The Judith Deckers Prize Announces 2025 Finalists Published October 1, 2024 Judith Deckers Prize Finalists Announced Published August 7, 2024 HackBio: A Taste of Careers in Science View All News Items Recent Scholarly Works A pollution crisis of synthetic plastic polymers and their hidden chemical complexity Journal article One Earth · November 21, 2025 The diverse material properties of plastic polymers have prompted their extensive use, resulting in widespread pollution, including environmental contamination by chemical additives used to enhance polymer properties.",auto_pronoun_needs_audit,1,2015,Duke University,11,1,1,FALSE,2026-09-28,success,0,0,2,woman,"Current Duke Appointments & Affiliations Assistant Professor of the Practice in Experiential Education in the Division of Marine Science and Conservation · 2023 - Present Marine Science and Conservation, Nicholas School of the Environment Associate Dean of Experiential Education and Undergraduate Research · 2023 - Present Nicholas School of the Environment Assistant Professor of the Practice of Biology · 2025 - Present Biology, Trinity College of Arts & Sciences Recent News Items Published September 24, 2025 The Judith Deckers Prize Announces 2025 Finalists Published October 1, 2024 Judith Deckers Prize Finalists Announced Published August 7, 2024 HackBio: A Taste of Careers in Science View All News Items Recent Scholarly Works A pollution crisis of synthetic plastic polymers and their hidden chemical complexity Journal article One Earth · November 21, 2025 The diverse material properties of plastic polymers have prompted their extensive use, resulting in widespread pollution, including environmental contamination by chemical additives used to enhance polymer properties.",Meagan,NA,NA,NA,first_name_ssa_95pct,NA,NA,1
Biology,nina.sherwood,https://scholars.duke.edu/person/nina.sherwood,Nina Tang Sherwood,Biology,1,99,19.8,20,0.8000000000000007,0.202020202020202,4.95,322,"We use Drosophila melanogaster as a model to understand nervous system development and function. A genetic screen for molecules important to these processes identified the fly ortholog of the spastin gene, which when mutated in humans leads to a progressive neurodegenerative disease called Autosomal-Dominant Hereditary Spastic Paraplegia (AD-HSP). Individuals with AD-HSP have difficulty walking, sometimes from as early as childhood, and can end up confined to wheelchairs. We have shown that loss of spastin in the fly larva compromises motoneuron function, while adults exhibit weak legs and do not fly. Spastin is a member of the AAA family of ATPases, and functions by severing microtubules into smaller segments. Our results indicate that the absence of spastin function in mutant flies leads to a reduction in microtubule content at synaptic boutons, presumably causing the weakened neurotransmission. Among our goals in the lab are to understand how this happens at a cell-biological level, and to examine specific phenotypes associated with mutations mimicking those found in the human disease. Using Drosophila as a model system allows us to rapidly generate flies with any number of specific mutations, and then study the consequences of these mutations at the biochemical, cell biological, developmental, electrophysiological and behavioral levels.",1,NA,auto_pronoun_needs_audit,1,1998,Duke University,28,1,1,FALSE,2026-09-28,success,0,0,0,woman,NA,Nina,NA,NA,NA,first_name_ssa_95pct,NA,NA,1
Biology,pelin.volkan,https://scholars.duke.edu/person/pelin.volkan,Pelin Cayirlioglu Volkan,Biology,1,99,19.8,20,0.8000000000000007,0.202020202020202,4.95,322,"The primary intellectual focus of our lab centers on unraveling the molecular and circuit mechanisms through which social experiences mold the brains and responses of organisms. To investigate these phenomena, we employ the fruit fly nervous system as a model and take an interdisciplinary approach that integrates genetic, behavioral, circuit-mapping, and systems-level molecular tools. Recent advancements in neurogenetics and neuro-visualization techniques in Drosophila melanogaster, a model system with a rich history in behavioral and neurogenetic research, provide us with unique and unprecedented advantages for exploring these questions. Within the realm of fruit flies, several noteworthy observations emerge: 1) Social isolation exerts significant effects on the Drosophila brain and behaviors, 2) well-established connections exist between genes, neural circuits, and stereotyped social behaviors, 3) the utilization of gene editing and neuronal circuit mapping methods is unparalleled, and 4) these resources are further enriched by existing and upcoming connectome data. Leveraging this comprehensive toolset, our overarching objective is to identify genes regulated by social isolation, determine their expression and function in individual neurons and circuits in the brain, and ascertain how variations in these processes influence both brain function and behavioral responses to isolation. Questions we are interested in: 1- How does social experience and pheromone circuit activity modulate gene expression in the nervous system? 2- How does social experience and pheromone circuit activity modulate circuit structure and function? 3- How does social experience and pheromone circuit activity modulate behaviors like locomotion, feeding, courtship and aggression? 4- How does social experience and pheromone circuit activity modulate physiology like metabolism, circulatory system and immunity? 5- What makes individuals more sensitive or resilient to the effects of social experience?",1,"Leveraging this comprehensive toolset, our overarching objective is to identify genes regulated by social isolation, determine their expression and function in individual neurons and circuits in the brain, and ascertain how variations in these processes influence both brain function and behavioral responses to isolation. || Among these, multi-member gene families encoding cell-surface proteins are of interest as they can act as neuron-specif ... || Among these, multi-member gene families of cell surface proteins are of interest because they can act as neuro ...",auto_pronoun_needs_audit,1,2003,"University of North Carolina, Chapel Hill",23,0,1,FALSE,2026-09-28,success,0,0,3,woman,"Leveraging this comprehensive toolset, our overarching objective is to identify genes regulated by social isolation, determine their expression and function in individual neurons and circuits in the brain, and ascertain how variations in these processes influence both brain function and behavioral responses to isolation. || Among these, multi-member gene families encoding cell-surface proteins are of interest as they can act as neuron-specif ... || Among these, multi-member gene families of cell surface proteins are of interest because they can act as neuro ...",Pelin,NA,NA,NA,first_name_ssa_95pct,NA,NA,1
Biology,rbrandon,https://scholars.duke.edu/person/rbrandon,Robert N. Brandon,Biology,1,99,19.8,20,0.8000000000000007,0.202020202020202,4.95,322,"Robert N. Brandon (Ph.D. 1979, Harvard) joined the Duke Faculty in fall of 1979. He holds a joint appointment in Philosophy and Biology. He has published articles in Philosophy of Science, Studies in History and Philosophy of Science, Biology and Philosophy, PSA 1980 and PSA 1982, some of which have subsequently been anthologized. He has co-edited (with Richard Burian) Genes, Organisms, Populations: Controversies over the Units of Selection (Bradford Books, MIT Press, 1984), and his book, Adaptation and Environment was published by Princeton University Press in 1990. His most recent book Concepts and Methods in Evolutionary Biology (Cambridge) was published in 1996. During the spring of 1984 he had a visiting appointment at the Department of History and Philosophy of Science, University of Pittsburgh. Brandon is a member of Duke's Center for the Philosophy of Biology.",0,"He holds a joint appointment in Philosophy and Biology. || He has published articles in Philosophy of Science, Studies in History and Philosophy of Science, Biology and Philosophy, PSA 1980 and PSA 1982, some of which have subsequently been anthologized. || He has co-edited (with Richard Burian) Genes, Organisms, Populations: Controversies over the Units of Selection (Bradford Books, MIT Press, 1984), and his book, Adaptation and Environment was published by Princeton University Press in 1990.",auto_pronoun_needs_audit,1,1979,Harvard University,47,0,0,FALSE,2026-09-28,success,0,6,1,man,"He holds a joint appointment in Philosophy and Biology. || He has published articles in Philosophy of Science, Studies in History and Philosophy of Science, Biology and Philosophy, PSA 1980 and PSA 1982, some of which have subsequently been anthologized. || He has co-edited (with Richard Burian) Genes, Organisms, Populations: Controversies over the Units of Selection (Bradford Books, MIT Press, 1984), and his book, Adaptation and Environment was published by Princeton University Press in 1990.",Robert,NA,NA,NA,profile_pronouns,NA,NA,0
Biology,ron.grunwald,https://scholars.duke.edu/person/ron.grunwald,Ron Grunwald,Biology,1,99,19.8,20,0.8000000000000007,0.202020202020202,4.95,322,NA,0,NA,auto_pronoun_needs_audit,1,1996,"University of North Carolina, Chapel Hill",30,0,0,FALSE,2026-09-28,success,0,0,0,man,NA,Ron,NA,NA,NA,first_name_ssa_95pct,NA,NA,0
Biology,sara.lipshutz,https://scholars.duke.edu/person/sara.lipshutz,Sara E Lipshutz,Biology,1,99,19.8,20,0.8000000000000007,0.202020202020202,4.95,322,"Our research focuses on the evolution of behavior across weird and wonderfully diverse species of birds. This work bridges “muddy boots” experimental fieldwork with a variety of molecular and computational approaches in genetics, genomics, neuroscience, and endocrinology. We have several research foci: 1. Female perspectives in biology. Cultural biases shape our predictions for how and why animals behave the way they do, and female animals have historically been neglected in biological research. We study the evolution of female competition across diverse avian species, ranging from social polyandry to monogamy in shorebirds and songbirds. Critically, hypotheses derived from studying males (i.e. testosterone focus) do not explain interspecific variation in female aggression. We use population genomic and transcriptomic data to evaluate the proximate causes and ultimate consequences of female competition. 2. Global change biology. In the age of the Anthropocene, animals are facing evolutionary unprecedented environmental changes. Sensory pollutants like anthropogenic noise and artificial light at night can alter animal physiology, behavior, and ecology on a rapid timescale. Behavior flexibility and adaptation may lead the way in helping animals respond to novel challenges. We investigate why some individuals and species may be better prepared to face global change.",1,"Cultural biases shape our predictions for how and why animals behave the way they do, and female animals have historically been neglected in biological research.",auto_pronoun_needs_audit,1,2018,"University of Tennessee, Knoxville",8,0,1,FALSE,2026-09-28,success,0,0,1,woman,"Cultural biases shape our predictions for how and why animals behave the way they do, and female animals have historically been neglected in biological research.",Sara,NA,NA,NA,first_name_ssa_95pct,NA,NA,1
Biology,snp2,https://scholars.duke.edu/person/snp2,Sheila N Patek,Biology,1,99,19.8,20,0.8000000000000007,0.202020202020202,4.95,322,The primary goal of research in the Patek laboratory is to examine the dynamic interplay between evolutionary processes and the mechanics of organisms.,1,"Current Duke Appointments & Affiliations Professor of Biology · 2019 - Present Biology, Trinity College of Arts & Sciences Recent News Items Published November 14, 2024 Duke 100 Trailblazer: Sheila Patek Published August 23, 2023 Blink and You’ll Miss These Plants Shooting Their Seeds Published December 9, 2022 Trinity College of Arts and Sciences Undergraduate Research: Moving from Absorbing Knowledge to Creating It View All News Items Recent Scholarly Works Elastodynamic mechanical analyzer for high strain-rate mechanical characterization.",auto_pronoun_needs_audit,1,2001,Duke University,25,1,1,FALSE,2026-09-28,success,0,0,1,woman,"Current Duke Appointments & Affiliations Professor of Biology · 2019 - Present Biology, Trinity College of Arts & Sciences Recent News Items Published November 14, 2024 Duke 100 Trailblazer: Sheila Patek Published August 23, 2023 Blink and You’ll Miss These Plants Shooting Their Seeds Published December 9, 2022 Trinity College of Arts and Sciences Undergraduate Research: Moving from Absorbing Knowledge to Creating It View All News Items Recent Scholarly Works Elastodynamic mechanical analyzer for high strain-rate mechanical characterization.",Sheila,NA,NA,NA,first_name_ssa_95pct,NA,NA,1
Biology,sbrover,https://scholars.duke.edu/person/sbrover,Sherryl A. Broverman,Biology,1,99,19.8,20,0.8000000000000007,0.202020202020202,4.95,322,"How inclusion of civic issues, international connections, and social engagement alters the cognitive and affective responses of non- major science students to science education. Developing inclusive course content and structure. Interventions that improve education and positive mental health and reduce HIV risk for adolescent girls in rural Kenya. www.wisergirls.org",1,Working with 218 adolescents and their parents/guardia ...,auto_pronoun_needs_audit,1,1990,Indiana University at Indianapolis,36,0,0,FALSE,2026-09-28,success,0,0,1,woman,Working with 218 adolescents and their parents/guardia ...,Sherryl,NA,NA,NA,first_name_ssa_95pct,NA,NA,1
Biology,Gustavo.Monteiro.Silva,https://scholars.duke.edu/person/Gustavo.Monteiro.Silva,Gustavo M. Silva,Biology,1,99,19.8,20,0.8000000000000007,0.202020202020202,4.95,322,"The Silva lab (sites.duke.edu/silvalab) investigates the underlying mechanisms by which gene expression is regulated at the transcriptional and translational levels in response to stress. We are also interested in understanding how the small protein modifier ubiquitin controls the dynamics of protein synthesis and degradation during stress, which are critical for physiology as proteins are the molecular effectors of the cell. Finally, we are elucidating mechanisms by which mutations to ubiquitin enzymes impair mitochondria function, energy metabolism, and cause cellular dysfunction and intellectual disabilities. Our lab uses an array of cellular and molecular biology tools, proteomics, structural biology, and next generation sequencing to tackle these fundamental biological questions. Our lab also invests in genome-wide methods (e.g. CRISPR screens) to identify and characterize ubiquitin enzymes important for cellular physiology, as well as molecular tools to understand their cellular role. Our ultimate goal is to dissect these unique pathways and develop ubiquitin-based therapies to support cellular health. We have received several awards from federal and private foundations, including being recognized as part of the inaugural cohort of the Science Diversity and Leadership Award from the Chan-Zuckerberg Initiative. In addition to research, Dr. Silva is an advocate for diversity, inclusion, and transformation in higher education, serving as a member of the Maximizing Access Committee from the American Society for Biochemistry and Molecular Biology (ASBMB), as a Discipline leader and ambassador for the Annual Biomedical Research Conference for Minoritized Scientists (ABRCMS), and as the co-founder and director of the Black Think Tank (BlackThinkTank.duke.edu), a Provost-sponsored initiative to promote the advancement of Black faculty at Duke. Dr. Silva is also the recipient of the 2023 Dean’s Award for Excellence in Mentoring at Duke University.",0,"CRISPR screens) to identify and characterize ubiquitin enzymes important for cellular physiology, as well as molecular tools to understand their cellular role. || Journal article Mol Cell Proteomics · March 2025 Under stress conditions, cells reprogram their molecular machineries to mitigate damage and promote survival.",auto_pronoun_needs_audit,1,2010,University of Sao Paulo (Brazil),16,0,1,FALSE,2026-09-28,success,0,0,2,man,"CRISPR screens) to identify and characterize ubiquitin enzymes important for cellular physiology, as well as molecular tools to understand their cellular role. || Journal article Mol Cell Proteomics · March 2025 Under stress conditions, cells reprogram their molecular machineries to mitigate damage and promote survival.",Gustavo,NA,NA,NA,first_name_ssa_95pct,NA,NA,0
Biology,wfmorris,https://scholars.duke.edu/person/wfmorris,William F. Morris,Biology,1,99,19.8,20,0.8000000000000007,0.202020202020202,4.95,322,"Bill Morris studies the population ecology of plants and insects (both herbivores and pollinators). Current projects include: the population dynamic consequences of constitutive and inducible resistance in plants, the maintenance of mutualistic interactions between flowering plants and nectar-robbing pollinators, the use of population-level attributes to detect biotic responses to ongoing environmental changes, and the use of mathematical models to assess viability of threatened and endangered populations. The common thread uniting these projects is that they combine field experiments and mathematical models to study population dynamics in natural and managed systems.",0,The common thread uniting these projects is that they combine field experiments and mathematical models to study population dynamics in natural and managed systems.,auto_pronoun_needs_audit,1,1990,University of Washington,36,0,1,FALSE,2026-09-28,success,0,0,1,man,The common thread uniting these projects is that they combine field experiments and mathematical models to study population dynamics in natural and managed systems.,William,NA,NA,NA,first_name_ssa_95pct,NA,NA,0
Biology,zpei,https://scholars.duke.edu/person/zpei,Zhen-Ming Pei,Biology,1,99,19.8,20,0.8000000000000007,0.202020202020202,4.95,322,"My laboratory is interested in the early signaling events by which plants sense environmental signals and decode to give the appropriate responses. Upon perception of external signals, cell surface receptors trigger an increase in cytosolic free calcium concentration, which is mediated by ion channels. Our long-term goals are to identify these receptors and ion channels, isolate their interacting components, and assign molecular functions to them. Currently, we are using multidisciplinary approaches of biophysics, biochemistry, cell biology, molecular genetics, and function genomics to dissect the signaling cascades of external calcium as well as nitric oxide in the model plant Arabidopsis.",NA,"Our long-term goals are to identify these receptors and ion channels, isolate their interacting components, and assign molecular functions to them.",manual_review_required,1,1993,Shanghai Institute of Plant Physiology (China),33,0,0,FALSE,2026-09-28,success,0,0,2,unknown,"Our long-term goals are to identify these receptors and ion channels, isolate their interacting components, and assign molecular functions to them.",Zhen-Ming,NA,NA,NA,manual_review,NA,0,0
Chemistry,aaron.franklin,https://scholars.duke.edu/person/aaron.franklin,Aaron D. Franklin,Chemistry,1,59,11.8,12,0.8000000000000007,0.2033898305084746,4.916666666666666,322,"Dr. Aaron Franklin is the Edmund T. Pratt, Jr. Distinguished Professor in the Departments of Electrical & Computer Engineering and Chemistry at Duke, where he is also the Senior Associate Dean in the Pratt School of Engineering. Dr. Franklin received his Ph.D. in Electrical Engineering from Purdue University in 2008 and then spent six years on the research staff at the IBM T. J. Watson Research Center in Yorktown Heights, NY. In 2014, he joined the faculty at Duke where his group explores the use of 1D and 2D nanomaterials for high-performance nanoscale devices, low-cost printed and recyclable electronics, and biomedical sensing systems. He is most widely known for his work on low-dimensional nanoelectronics with specific emphasis on carbon nanotube (CNT) transistors, including device scaling, transport studies, and advanced integration approaches. In addition to leading a scientific research group, Dr. Franklin has been actively involved in the translation of inventions out of the lab, holding more than 50 issued patents and being engaged in two funded start-ups, one of which was acquired by a Fortune 500 company. He is fellow of the IEEE and NAI and has published more than 100 scientific papers in the field of nanomaterial-based electronics. Research in the Franklin group is focused on improving the performance and functionality of nanomaterial-enabled electronic devices. The primary drive is to improve performance of - and expand applications for - electronic devices, including those with more custom form factors and/or functionality (e.g., flexibility, transparency, biocompatibility, recyclability). There is an increasing variety of new electronics applications that nanomaterials are uniquely capable of enabling -- the Franklin group works to make such applications possible.",0,"Distinguished Professor in the Departments of Electrical & Computer Engineering and Chemistry at Duke, where he is also the Senior Associate Dean in the Pratt School of Engineering. || Franklin received his Ph.D. || In 2014, he joined the faculty at Duke where his group explores the use of 1D and 2D nanomaterials for high-performance nanoscale devices, low-cost printed and recyclable electronics, and biomedical sensing systems.",auto_pronoun_needs_audit,1,2008,Purdue University,18,0,1,FALSE,2026-09-28,success,0,7,0,man,"Distinguished Professor in the Departments of Electrical & Computer Engineering and Chemistry at Duke, where he is also the Senior Associate Dean in the Pratt School of Engineering. || Franklin received his Ph.D. || In 2014, he joined the faculty at Duke where his group explores the use of 1D and 2D nanomaterials for high-performance nanoscale devices, low-cost printed and recyclable electronics, and biomedical sensing systems.",Aaron,NA,NA,NA,profile_pronouns,NA,NA,0
Chemistry,anna.martinez,https://scholars.duke.edu/person/anna.martinez,Anna Victoria Martinez-Saltzberg,Chemistry,1,59,11.8,12,0.8000000000000007,0.2033898305084746,4.916666666666666,322,NA,1,NA,auto_pronoun_needs_audit,1,2013,Boston University,13,0,0,FALSE,2026-09-28,success,0,0,0,woman,NA,Anna,NA,NA,NA,first_name_ssa_95pct,NA,NA,1
Chemistry,dewey.mccafferty,https://scholars.duke.edu/person/dewey.mccafferty,Dewey G. McCafferty,Chemistry,1,59,11.8,12,0.8000000000000007,0.2033898305084746,4.916666666666666,322,"Our research interests are broadly based in chemical biology, mechanistic enzymology and molecular medicine. Towards this end our group is engaged in understanding the chemical and kinetic mechanisms, substrate specificity and therapeutic importance of enzymes that posttranslationally modify chromatin, such as histone deacetylases, histone demethylases, histone methyl transferases, and chromatin assembly and remodeling complexes. Building on a mechanistic foundation, our laboratory is also interested in the design, chemical synthesis and evaluation of small molecules to modulate the activity of chromatin modifying enzymes within living cells. This work has recently led to the discovery of histone deamethylases as potential targets for anti-depression therapy. In addition, our laboratory also works to identify and develop novel strategies to overcome bacterial resistance to antibiotics through mechanistic characterization of enzymes involved in bacterial virulence, peptidoglycan biosynthesis, and teichoic acid biosynthesis. A central component of this research is the identification of novel anti-virulence chemotherapeutics and antibiotics capable of overcoming infections from antibiotic resistant bacteria. Our group also works to decode the molecular mechanisms of enzymes involved in mechanistically intriguing reactions from antibiotic natural product biosynthesis. Lastly, our group is working to develop a functional view of the molecular underpinning of initial signaling events in bacterial-induced inflammation, and in turn lay the foundation for the discovery and design of novel small molecule inhibitors of Crohn's disease, ulcerative colitis and related inflammatory bowel disorders.",0,NA,auto_pronoun_needs_audit,1,1995,"University of North Carolina, Chapel Hill",31,0,1,FALSE,2026-09-28,success,0,0,0,man,NA,Dewey,NA,NA,NA,first_name_ssa_95pct,NA,NA,0
Chemistry,Evert.Njomen,https://scholars.duke.edu/person/Evert.Njomen,Evert Njomen,Chemistry,1,59,11.8,12,0.8000000000000007,0.2033898305084746,4.916666666666666,322,Our research aims to expand the bounds of druggability for both fundamental and therapeutic discoveries. We achieve this through the development of covalent chemical tools and the leveraging of chemical proteomic technologies. We are particularly interested in developing chemical tools targeting proteins that drive cancers and immune disorders with unmet clinical needs. Our goal is to find chemical starting points to expand our understanding of fundamental biology and to develop next-generation therapeutics.,0,NA,auto_pronoun_needs_audit,1,2019,Michigan State University,7,0,0,FALSE,2026-09-28,success,0,0,0,man,NA,Evert,NA,NA,NA,first_name_ssa_95pct,NA,NA,0
Chemistry,heather.stapleton,https://scholars.duke.edu/person/heather.stapleton,Heather M. Stapleton,Chemistry,1,59,11.8,12,0.8000000000000007,0.2033898305084746,4.916666666666666,322,"Professor Heather Stapleton is an environmental chemist and exposure scientist in the Nicholas School of the Environment at Duke University. Her research interests focus on identification of halogenated and organophosphate chemicals in building materials, furnishings and consumer products, and estimation of human exposure, particularly in vulnerable populations such as pregnant women and children. Her laboratory utilizes mass spectrometry, including targeted and nontargeted approaches, to characterize chemical burdens in both environmental samples and biological tissues to support environmental health research. Currently she serves as the Director for the Duke Superfund Research Center, and Director of the Duke Environmental Analysis Laboratory, which is part of NIH’s Human Health Environmental Analysis Resource.",1,"Her research interests focus on identification of halogenated and organophosphate chemicals in building materials, furnishings and consumer products, and estimation of human exposure, particularly in vulnerable populations such as pregnant women and children. || Her laboratory utilizes mass spectrometry, including targeted and nontargeted approaches, to characterize chemical burdens in both environmental samples and biological tissues to support environmental health research. || Currently she serves as the Director for the Duke Superfund Research Center, and Director of the Duke Environmental Analysis Laboratory, which is part of NIH’s Human Health Environmental Analysis Resource.",auto_pronoun_needs_audit,1,2003,"University of Maryland, College Park",23,0,1,FALSE,2026-09-28,success,3,0,1,woman,"Her research interests focus on identification of halogenated and organophosphate chemicals in building materials, furnishings and consumer products, and estimation of human exposure, particularly in vulnerable populations such as pregnant women and children. || Her laboratory utilizes mass spectrometry, including targeted and nontargeted approaches, to characterize chemical burdens in both environmental samples and biological tissues to support environmental health research. || Currently she serves as the Director for the Duke Superfund Research Center, and Director of the Duke Environmental Analysis Laboratory, which is part of NIH’s Human Health Environmental Analysis Resource.",Heather,NA,NA,NA,profile_pronouns,NA,NA,1
Chemistry,ivan.moreno-hernandez,https://scholars.duke.edu/person/ivan.moreno-hernandez,Ivan A. Moreno-Hernandez,Chemistry,1,59,11.8,12,0.8000000000000007,0.2033898305084746,4.916666666666666,322,"The Moreno-Hernandez lab is a multidisciplinary group focused on understanding electrochemical materials to advance renewable energy technologies and create a sustainable future. Their primary tool is liquid cell transmission electron microscopy, a technique that enables direct observations of the structural dynamics of materials in real time and at near-atomic resolution in a realistic liquid environment. They complement this technique with a wide set of analytical techniques and materials synthesis methods that enable the characterization and synthesis of materials with nanoscale precision. This combination enables systematic studies of the relationship between nanoscale structure and macroscale properties. In addition to their research efforts, the Moreno-Hernandez lab aims to create an inclusive environment that embraces the lived experiences of each group member and provides support for ongoing personal growth.",0,"Their primary tool is liquid cell transmission electron microscopy, a technique that enables direct observations of the structural dynamics of materials in real time and at near-atomic resolution in a realistic liquid environment. || They complement this technique with a wide set of analytical techniques and materials synthesis methods that enable the characterization and synthesis of materials with nanoscale precision. || In addition to their research efforts, the Moreno-Hernandez lab aims to create an inclusive environment that embraces the lived experiences of each group member and provides support for ongoing personal growth.",auto_pronoun_needs_audit,1,2019,California Institute of Technology,7,0,1,FALSE,2026-09-28,success,0,0,4,man,"Their primary tool is liquid cell transmission electron microscopy, a technique that enables direct observations of the structural dynamics of materials in real time and at near-atomic resolution in a realistic liquid environment. || They complement this technique with a wide set of analytical techniques and materials synthesis methods that enable the characterization and synthesis of materials with nanoscale precision. || In addition to their research efforts, the Moreno-Hernandez lab aims to create an inclusive environment that embraces the lived experiences of each group member and provides support for ongoing personal growth.",Ivan,NA,NA,NA,first_name_ssa_95pct,NA,NA,0
Chemistry,kathryn.haas,https://scholars.duke.edu/person/kathryn.haas,Kathryn Haas,Chemistry,1,59,11.8,12,0.8000000000000007,0.2033898305084746,4.916666666666666,322,"Biological molecules can unlock and harness the special chemical power of metal ions, while also maintaining control of metal homeostasis. The Haas Lab investigates the interactions between metal ions and polypeptides, with a focus on the proteins that harness copper redox chemistry in human extracellular fluids and at membrane interfaces.",1,NA,auto_pronoun_needs_audit,1,2010,Duke University,16,1,0,FALSE,2026-09-28,success,0,0,0,woman,NA,Kathryn,NA,NA,NA,first_name_ssa_95pct,NA,NA,1
Chemistry,kevin.welsher,https://scholars.duke.edu/person/kevin.welsher,Kevin D. Welsher,Chemistry,1,59,11.8,12,0.8000000000000007,0.2033898305084746,4.916666666666666,322,NA,0,NA,auto_pronoun_needs_audit,1,2010,Stanford University,16,0,1,FALSE,2026-09-28,success,0,0,0,man,NA,Kevin,NA,NA,NA,first_name_ssa_95pct,NA,NA,0
Chemistry,bruce.donald,https://scholars.duke.edu/person/bruce.donald,Bruce Randall Donald,Chemistry | Computer Science | Mathematics,3,59,11.8,12,0.8000000000000007,0.2033898305084746,4.916666666666666,322,"Please visit Bruce Donald's personal web page (click here for link) for up-to-date information, research, teaching, and publications. That website is hosted by the Departments of Computer Science, Chemistry, and Biochemistry at Duke University.",0,NA,auto_pronoun_needs_audit,0,NA,NA,NA,NA,0,FALSE,2026-09-28,success,0,0,0,man,NA,Bruce,NA,NA,NA,first_name_ssa_95pct,NA,NA,0
Chemistry,ross.widenhoefer,https://scholars.duke.edu/person/ross.widenhoefer,Ross A. Widenhoefer,Chemistry,1,59,11.8,12,0.8000000000000007,0.2033898305084746,4.916666666666666,322,"Research in the Widenhoefer group is directed toward the development and mechanistic analysis of new organotransition metal-catalyzed transformations for application in the synthesis of functionalized organic molecules. In particular, our group has a long-standing interest in the functionalization of C–C multiple bonds with carbon and heteroatom nucleophiles catalyzed by electrophilic late transition metal complexes, with a recent focus on the synthetic and mechanistic aspect of gold(I) pi-activation catalysis. Current areas of inquiry include the following: 1) Gold(I) and Pt(II)-catalyzed hydroamination of alkenes an allenes. 2) Gold(I)-catalyzed dehydrative amination of underivatized allylic alcohols. 3) Synthesis and study of cationic, two-coordinate gold pi-complexes. 4) Evaluating the role of bis(gold) complexes in gold pi-activation catalysis. More detailed descriptions of these research projects can be found at our group web page.",0,"Full text Cite Strain-dependent enantioselectivity in mechanochemically coupled catalytic hydrogenation Journal article Nature Synthesis · October 1, 2025 The ultimate realization of top-down atomic manipulation is to push or pull molecules in a way that changes their function, such as catalysis.",auto_pronoun_needs_audit,1,1994,"University of Wisconsin, Madison",32,0,1,FALSE,2026-09-28,success,0,0,1,man,"Full text Cite Strain-dependent enantioselectivity in mechanochemically coupled catalytic hydrogenation Journal article Nature Synthesis · October 1, 2025 The ultimate realization of top-down atomic manipulation is to push or pull molecules in a way that changes their function, such as catalysis.",Ross,NA,NA,NA,first_name_ssa_95pct,NA,NA,0
Chemistry,tuan.vodinh,https://scholars.duke.edu/person/tuan.vodinh,Tuan Vo-Dinh CV,Chemistry,1,59,11.8,12,0.8000000000000007,0.2033898305084746,4.916666666666666,322,"Dr. Tuan Vo-Dinh is R. Eugene and Susie E. Goodson Distinguished Professor of Biomedical Engineering, Professor of Chemistry, and Director of The Fitzpatrick Institute for Photonics. Dr. Vo-Dinh’s research activities and interests involve biophotonics, nanophotonics, plasmonics, laser-excited luminescence spectroscopy, room temperature phosphorimetry, synchronous luminescence spectroscopy, and surface-enhanced Raman spectroscopy for multi-modality bioimaging, and theranostics (diagnostics and therapy) of diseases such as cancer and infectious diseases. We have pioneered the development of a new generation of gene biosensing probes using surface-enhanced Raman scattering (SERS) detection with “Molecular Sentinels” and Plasmonic Coupling Interference (PCI) molecular probes for multiplex and label-free detection of nucleic acid biomarkers (DNA, mRNA, microRNA) in early detection of a wide variety of diseases. In genomic and precision medicine, nucleic acid-based molecular diagnosis is of paramount importance with many advantages such as high specificity, high sensitivity, serotyping capability, and mutation detection. Using SERS-based plasmonic nanobiosensors and nanochips, we are developing novel nucleic acid detection methods that can be integrated into lab-on-a-chip systems for point-of-care diagnosis (e.g., breast, GI cancer) and global health applications (e.g., detection of malaria and dengue). In bioimaging, we are developing a novel multifunctional gold nanostar (GNS) probe for use in multi-modality bioimaging in pre-operative scans with PET, MRI and CT, intraoperative margin delineation with optical imaging, SERS and two-photon luminescence (TPL). The GNS can be used also for cancer treatment with plasmonics enhanced photothermal therapy (PTT), thus providing an excellent platform for seamless diagnostics and therapy (i.e., theranostics). Preclinical studies have shown its great potential for cancer diagnostics and therapeutics for future clinical translation. For fundamental studies, various nanobiosensors are being developed for monitoring intracellular parameters (e.g., pH) and biomolecular processes (e.g., apoptosis, caspases), opening the possibility for fundamental molecular biological research as well as biomedical applications (e.g., drug discovery) at the single cell level in a systems biology approach. For point of care diagnostics, nanoprobes and nanochips with highly multiplex SERS detection and imaging use artificial intelligence and machine learning for data analysis. Our research activities in immunotherapy involve unique plasmonics-active gold “nanostars.” These star-shaped nanobodies made of gold work like “lightning rods,” concentrating the electromagnetic energy at their tips and allowing them to capture photon energy more efficiently when irradiated by laser light. Teaming with medical collaborators, we have developed a novel cancer treatment modality, called synergistic immuno photothermal nanotherapy (SYMPHONY), which combines immune-checkpoint inhibition and gold nanostar–mediated photothermal immunotherapy that can unleash the immunotherapeutic efficacy of checkpoint inhibitors. This combination treatment can eradicate the primary tumors as well as distant “untreated” tumors, and induce immunologic memory like a “anti-cancer vaccine” effect in murine model.",0,"Our research activities in immunotherapy involve unique plasmonics-active gold “nanostars.” These star-shaped nanobodies made of gold work like “lightning rods,” concentrating the electromagnetic energy at their tips and allowing them to capture photon energy more efficiently when irradiated by laser light.",auto_pronoun_needs_audit,1,1975,Swiss Federal Institute of Technology-ETH Zurich (Switzerland),51,0,1,FALSE,2026-09-28,success,0,0,2,man,"Our research activities in immunotherapy involve unique plasmonics-active gold “nanostars.” These star-shaped nanobodies made of gold work like “lightning rods,” concentrating the electromagnetic energy at their tips and allowing them to capture photon energy more efficiently when irradiated by laser light.",Tuan,NA,NA,NA,first_name_ssa_95pct,NA,NA,0
Chemistry,reichert,https://scholars.duke.edu/person/reichert,William M. Reichert,Chemistry,1,59,11.8,12,0.8000000000000007,0.2033898305084746,4.916666666666666,322,"Adjunct Professor of Biomedical Sciences, Makerere University, Kampala, Uganda (pending) Director of the Duke-Makerere BME Partnership Dr. Reichert's research interests have included biosensors, protein mediated cell adhesion, wound healing, and biocompatibilty. Dr. Reichert was the first member of the engineering faculty to receive the Clemson Award from the Society for Biomaterials (there have since been three others) and elected as a Fellow of the International Union of Societies for Biomaterials Science and Engineering and the American Council on Education. He was also elected as a Fellow of the American Institute of Medical and Biological Engineering and the Biomedical Engineering Society. Dr. Reichert also received recognition for his student mentoring, especially in the area of diversity. The drivers of his career were more than 30 years of uninterrupted NIH support from six different institutes, sustained support from the Medtronic Corporation, and the dedication and brilliance of numerous undergraduate, graduate, postdoc, staff and faculty colleagues. But life moves on. Dr. Reichert spent the 2014-15 academic year as a Fulbright Scholar (also a school of engineering first) in the fledgling BME program at Makerere University in Kampala, Uganda where he taught six classes in two semesters and conducted a major curriculum revision to increase engineering content. This exhilarating (and exhausting) experience transformed Dr. Reichert’s professional priorities from domestic biomedical research to building BME capacity at Makerere University and in Uganda. With generous funding from the Duke BME Department, Duke University Provost’s Office, the Duke Global Health Institute, the Pratt School of Engineering, and the Duke Africa Initiative, Dr. Reichert launched the Duke-Makerere BME Partnership to accelerate the development of biomedical engineering in Uganda. The Partnership consists of three components. Undergraduate Education. Currently there are two initiatives. In the fall semester BME525 Biomedical Materials and Artificial Organs is taught to both Duke and Makerere students by broadcasting lectures recorded at Duke to students in Uganda. The students take the same exams, are assigned the same readings, and conduct similar group projects. Real time interaction between the instructor and the Makerere students is accomplished by weekly Skype sessions. The Duke students are encouraged to incorporate some aspect of the Uganda circumstance in their projects. In the spring term Duke offers a class BME590 Transcontinental Design for Uganda where a limited number of Duke and Makerere students participate in mutual design activities to create solutions to healthcare issues in Uganda. This class also includes an option for the Duke students to travel to Uganda during their spring break to meet with and interact with their Makerere design partners. Travel scholarships are provided by the Partnership predicated on financial need. Master’s Education. Receiving a Master’s degree is a significant step in the professional development of aspiring academics and entrepreneurs In Uganda. Starting in August 2016 the Partnership will be bring two Ugandans with undergraduate BME degrees or a related field to Durham to join Duke BME Master’s Program. A key component of student selection is performance in BME525 and BME590. These students will spend the first two semesters taking BME classes at Duke and also defining their dissertation topics. During the following summer the students will transition back to Makerere for their third and final semester where they complete their dissertation work and possibly take a class. Dr. Reichert will travel to Uganda to join the Makerere faculty members for the dissertation defense, while the other Duke committee members will attend via Skype. All educational and living expenses will be paid by the Partnership except for living expenses while the students are back in Uganda. Doctoral Training. Unlike the Bachelor’s or Master’s degree, the PhD degree is an immersive research experience. Admission decisions to top science and engineering PhD programs are largely predicated upon evidence of a keen aptitude and substantial commitment to research. Making this determination with non-traditional candidates can be difficult, especially when in-person interviews are not possible. The Duke-Makerere BME Partnership provides an excellent opportunity for the Duke faculty to see the Uganda Master’s students up close and personal. The students that perform at a high level in their Duke classes and on their dissertation projects, and who are committed to pursuing the PhD, will be invited to apply to the Duke BME PhD program as a regular international student.",0,"He was also elected as a Fellow of the American Institute of Medical and Biological Engineering and the Biomedical Engineering Society. || Reichert also received recognition for his student mentoring, especially in the area of diversity. || The drivers of his career were more than 30 years of uninterrupted NIH support from six different institutes, sustained support from the Medtronic Corporation, and the dedication and brilliance of numerous undergraduate, graduate, postdoc, staff and faculty colleagues.",auto_pronoun_needs_audit,1,1982,"University of Michigan, Ann Arbor",44,0,0,FALSE,2026-09-28,success,0,4,10,man,"He was also elected as a Fellow of the American Institute of Medical and Biological Engineering and the Biomedical Engineering Society. || Reichert also received recognition for his student mentoring, especially in the area of diversity. || The drivers of his career were more than 30 years of uninterrupted NIH support from six different institutes, sustained support from the Medtronic Corporation, and the dedication and brilliance of numerous undergraduate, graduate, postdoc, staff and faculty colleagues.",William,NA,NA,NA,profile_pronouns,NA,NA,0
Computer Science,awb,https://scholars.duke.edu/person/awb,Alan Biermann,Computer Science,1,91,18.2,18,0.1999999999999993,0.1978021978021978,5.055555555555555,322,Computational linguistics and automatic programming,0,NA,auto_pronoun_needs_audit,1,1968,"University of California, Berkeley",58,0,0,FALSE,2026-09-28,success,0,0,0,man,NA,Alan,NA,NA,NA,first_name_ssa_95pct,NA,NA,0
Computer Science,alvy,https://scholars.duke.edu/person/alvy,Alvin R. Lebeck,Computer Science,1,91,18.2,18,0.1999999999999993,0.1978021978021978,5.055555555555555,322,"Alvin R. Lebeck is Professor Emeritus of Computer Science at Duke University. His work included research in computer systems and architecture, interdisciplinary collaboration including nanotechnology, teaching and mentoring students, and entrepreneurial activity. He retired from Duke in Fall 2024 and is no longer advising students. For a personal overview, visit www.cs.duke.edu/~alvy andsenanis.com. Students Professional Google Scholar Page Old list of publications",0,"His work included research in computer systems and architecture, interdisciplinary collaboration including nanotechnology, teaching and mentoring students, and entrepreneurial activity. || He retired from Duke in Fall 2024 and is no longer advising students.",auto_pronoun_needs_audit,1,1995,"University of Wisconsin, Madison",31,0,0,FALSE,2026-09-28,success,0,2,0,man,"His work included research in computer systems and architecture, interdisciplinary collaboration including nanotechnology, teaching and mentoring students, and entrepreneurial activity. || He retired from Duke in Fall 2024 and is no longer advising students.",Alvin,NA,NA,NA,profile_pronouns,NA,NA,0
Computer Science,amanda.randles,https://scholars.duke.edu/person/amanda.randles,Amanda Randles,Computer Science | Mathematics,2,91,18.2,18,0.1999999999999993,0.1978021978021978,5.055555555555555,322,My research in biomedical simulation and high-performance computing focuses on the development of new computational tools that we use to provide insight into the localization and development of human diseases ranging from atherosclerosis to cancer.,1,NA,auto_pronoun_needs_audit,1,2013,Harvard University,13,0,1,FALSE,2026-09-28,success,0,0,0,woman,NA,Amanda,NA,NA,NA,first_name_ssa_95pct,NA,NA,1
Computer Science,tomasi,https://scholars.duke.edu/person/tomasi,Carlo Tomasi,Computer Science,1,91,18.2,18,0.1999999999999993,0.1978021978021978,5.055555555555555,322,"Tomasi's research is at the intersection of computer vision, machine learning, and applied mathematics. Tomasi's current projects include image motion analysis (funded by NSF), satellite image interpretation (funded by IARPA), computer-assisted diagnosis, and object recognition (funded by Amazon). He is an ACM Fellow and has won the IEEE Computer Society Helmholtz Prize twice.",0,He is an ACM Fellow and has won the IEEE Computer Society Helmholtz Prize twice.,auto_pronoun_needs_audit,0,NA,NA,NA,NA,0,FALSE,2026-09-28,success,0,1,0,man,He is an ACM Fellow and has won the IEEE Computer Society Helmholtz Prize twice.,Carlo,NA,NA,NA,profile_pronouns,NA,NA,0
Computer Science,frank.starmer,https://scholars.duke.edu/person/frank.starmer,Charles Franklin Starmer,Computer Science,1,91,18.2,18,0.1999999999999993,0.1978021978021978,5.055555555555555,322,"Though trained formally as an electrical engineer, I found myself starting my career in the Cardiology Division of the Department of Medicine. My first research project was to explore the nature of electically induced ventricular fibrillation - an introduction to reentrant cardiac arrhythmias. Though VF is complex, this work ignited my curioisity about the underlying nature of cellular communication - whether electrical via gap junctions or chemical via ligand-receptor interactions. Along the way, I found myself developing the computational infrastructure for the Cardiology Databank, starting the Computer Science Department and eventually finding my way to the laboratory. With my long term collaborator, Gus Grant, we explored single cardiac ion channels, drug interactions with cardiac ion channels and found ourselves facing my initial interests in reentrant cardiac arrhythmias, in this case, induced by drug-channel interactions. The modeling of cardiac and neuronal action potentials resulted in identifying the determinants of the cardiac vulnerable period and today is referred to as computational biology. Computational biology has the unique feature of providing a direct look at underlying modeled processes in contrast to laboratory investigations where much is hidden. For me, identifying the physical basis of generic biological processes (e.g. excitation, propagation, ligand-receptor binding and transporters) via computational models is simply great fun.",0,"Conventional equipments for measuring colorimetric assays are bulky and expensive, making them unsui ...",auto_pronoun_needs_audit,1,1968,"University of North Carolina, Chapel Hill",58,0,0,FALSE,2026-09-28,success,0,0,1,man,"Conventional equipments for measuring colorimetric assays are bulky and expensive, making them unsui ...",Charles,NA,NA,NA,first_name_ssa_95pct,NA,NA,0
Computer Science,david.carlson,https://scholars.duke.edu/person/david.carlson,David Carlson,Computer Science,1,91,18.2,18,0.1999999999999993,0.1978021978021978,5.055555555555555,322,"My general research focus is on developing novel machine learning and artificial intelligence techniques that can be used to accelerate scientific discovery. I work extensively both on the fundamental theory and algorithms as well as translating them into scientific applications. I have extensive partnerships deploying machine learning techniques in environmental health, mental health, and neuroscience.",0,"I work extensively both on the fundamental theory and algorithms as well as translating them into scientific applications. || Published April 22, 2025 Ten Faculty Named 2025 Bass Chairs View All News Items Recent Scholarly Works Epilepsy surgery outcomes and their determinants: a systematic review and individual patient data meta-analysis.",auto_pronoun_needs_audit,1,2015,Duke University,11,1,1,FALSE,2026-09-28,success,0,0,2,man,"I work extensively both on the fundamental theory and algorithms as well as translating them into scientific applications. || Published April 22, 2025 Ten Faculty Named 2025 Bass Chairs View All News Items Recent Scholarly Works Epilepsy surgery outcomes and their determinants: a systematic review and individual patient data meta-analysis.",David,NA,NA,NA,first_name_ssa_95pct,NA,NA,0
Computer Science,emily.wenger,https://scholars.duke.edu/person/emily.wenger,Emily Wenger,Computer Science,1,91,18.2,18,0.1999999999999993,0.1978021978021978,5.055555555555555,322,NA,1,NA,auto_pronoun_needs_audit,1,2023,The University of Chicago,3,0,0,FALSE,2026-09-28,success,0,0,0,woman,NA,Emily,NA,NA,NA,first_name_ssa_95pct,NA,NA,1
Computer Science,fan.wei,https://scholars.duke.edu/person/fan.wei,Fan Wei,Computer Science | Mathematics,2,91,18.2,18,0.1999999999999993,0.1978021978021978,5.055555555555555,322,NA,1,NA,auto_pronoun_needs_audit,1,2019,Princeton University,7,0,1,FALSE,2026-09-28,success,0,0,0,woman,NA,Fan,NA,NA,NA,first_name_ssa_95pct,NA,NA,1
Computer Science,sudeepa,https://scholars.duke.edu/person/sudeepa,Sudeepa Roy,Computer Science,1,91,18.2,18,0.1999999999999993,0.1978021978021978,5.055555555555555,322,"I joined the Department of Computer Science at Duke University in Fall 2015. Before joining Duke, I was a postdoctoral research associate in the Department of Computer Science and Engineering,University of Washington where I worked with Prof. Dan Suciu and the database group. I graduated from the University of Pennsylvania with a Ph.D. in Computer and Information Science where I was advised by Prof. Susan Davidson and Prof. Sanjeev Khanna. During my Ph.D., I did two internships at IBM Research, Almaden,and received a Google PhD fellowship in Structured Data in 2011. I obtained my master's and bachelor's degrees in Computer Science fromIndian Institute of Technology, KanpurandJadavpur Universityrespectively. Research Interests I am broadly interested in data and information management with a focus on foundational aspects of big data analysis. My research objective is to help users with heterogenous backgrounds and interests leverage the maximum benefit from the available data. While my ongoing work on explanations in databases directly aims to assist users get deep insights into data by providing rich explanations to their questions, my work in the areas of data and workow provenance, probabilistic databases, and crowd-sourcing probes into compelling, fundamental questions that need to be answered to enable end-to-end processing and analysis of unstructured, noisy, and unreliable data in today's world while preserving its entire context.",NA,"While my ongoing work on explanations in databases directly aims to assist users get deep insights into data by providing rich explanations to their questions, my work in the areas of data and workow provenance, probabilistic databases, and crowd-sourcing probes into compelling, fundamental questions that need to be answered to enable end-to-end processing and analysis of unstructured, noisy, and unreliable data in today's world while preserving its entire context.",manual_review_required,1,2012,University of Pennsylvania,14,0,0,FALSE,2026-09-28,success,0,0,1,unknown,"While my ongoing work on explanations in databases directly aims to assist users get deep insights into data by providing rich explanations to their questions, my work in the areas of data and workow provenance, probabilistic databases, and crowd-sourcing probes into compelling, fundamental questions that need to be answered to enable end-to-end processing and analysis of unstructured, noisy, and unreliable data in today's world while preserving its entire context.",Sudeepa,NA,NA,NA,manual_review,NA,1,1
Computer Science,jennifer.m.groh,https://scholars.duke.edu/person/jennifer.m.groh,Jennifer M. Groh,Computer Science | Psychology & Neuroscience,2,91,18.2,18,0.1999999999999993,0.1978021978021978,5.055555555555555,322,"Research in my laboratory concerns how sensory and motor systems work together, and how neural representations play a combined role in sensorimotor and cognitive processing (embodied cognition). Most of our work concerns the interactions between vision and hearing. We frequently perceive visual and auditory stimuli as being bound together if they seem likely to have arisen from a common source. That's why we tend not to notice that the speakers on TV sets or in movie theatres are located beside, and not behind, the screen. Research in my laboratory is devoted to investigating the question of how the brain coordinates the information arising from the ears and eyes. Our findings challenge the historical view of the brain's sensory processing as being automatic, autonomous, and immune from outside influence. We have recently established that neurons in the auditory pathway (inferior colliculus, auditory cortex) alter their responses to sound depending on where the eyes are pointing. This finding suggests that the different sensory pathways meddle in one another's supposedly private affairs, making their respective influences felt even at very early stages of processing. The process of bringing the signals from two different sensory pathways into a common frame of reference begins at a surprisingly early point along the primary sensory pathways.",1,"We frequently perceive visual and auditory stimuli as being bound together if they seem likely to have arisen from a common source. || We have recently established that neurons in the auditory pathway (inferior colliculus, auditory cortex) alter their responses to sound depending on where the eyes are pointing. || This finding suggests that the different sensory pathways meddle in one another's supposedly private affairs, making their respective influences felt even at very early stages of processing.",auto_pronoun_needs_audit,1,1993,University of Pennsylvania,33,0,1,FALSE,2026-09-28,success,0,0,5,woman,"We frequently perceive visual and auditory stimuli as being bound together if they seem likely to have arisen from a common source. || We have recently established that neurons in the auditory pathway (inferior colliculus, auditory cortex) alter their responses to sound depending on where the eyes are pointing. || This finding suggests that the different sensory pathways meddle in one another's supposedly private affairs, making their respective influences felt even at very early stages of processing.",Jennifer,NA,NA,NA,first_name_ssa_95pct,NA,NA,1
Computer Science,Jian.Pei,https://scholars.duke.edu/person/Jian.Pei,Jian Pei,Computer Science,1,91,18.2,18,0.1999999999999993,0.1978021978021978,5.055555555555555,322,"Data science, data mining, databases, information retrieval, computational statistics, applied machine learning and AI.",0,NA,auto_pronoun_needs_audit,1,2002,Simon Fraser University,24,0,1,FALSE,2026-09-28,success,0,0,0,man,NA,Jian,NA,NA,NA,first_name_ssa_95pct,NA,NA,0
Computer Science,jichun.xie,https://scholars.duke.edu/person/jichun.xie,Jichun Xie,Computer Science | Mathematics,2,91,18.2,18,0.1999999999999993,0.1978021978021978,5.055555555555555,322,NA,NA,"Journal article Cell Genom · December 10, 2025 Accurately identifying senescent cells is essential for studying their spatial and molecular features.",manual_review_required,1,2011,University of Pennsylvania,15,0,1,FALSE,2026-09-28,success,0,0,1,unknown,"Journal article Cell Genom · December 10, 2025 Accurately identifying senescent cells is essential for studying their spatial and molecular features.",Jichun,NA,NA,NA,manual_review,NA,1,1
Computer Science,john.harer,https://scholars.duke.edu/person/john.harer,John Harer,Computer Science | Mathematics,2,91,18.2,18,0.1999999999999993,0.1978021978021978,5.055555555555555,322,"Professor Harer's primary research is in the use of geometric, combinatorial and computational techniques to study a variety of problems in data analysis, shape recognition, image segmentation, tracking, cyber security, ioT, biological networks and gene expression.",0,NA,auto_pronoun_needs_audit,1,1979,"University of California, Berkeley",47,0,0,FALSE,2026-09-28,success,0,0,0,man,NA,John,NA,NA,NA,first_name_ssa_95pct,NA,NA,0
Computer Science,jungsang,https://scholars.duke.edu/person/jungsang,Jungsang Kim,Computer Science | Physics,2,91,18.2,18,0.1999999999999993,0.1978021978021978,5.055555555555555,322,"Jungsang Kim leads the Multifunctional Integrated Systems Technology group at Duke University. His main area of current research is quantum information sciences, where his group uses trapped atomic ions and a range of photonics technologies in an effort to construct a scalable quantum information processors and quantum communication networks. His research focuses on introduction of new technologies, such as micro fabricated ion traps, optical micro-electromechanical systems, advanced single photon detectors, compact cryogenics and vacuum technologies, towards a functional integration of quantum information processing systems.",0,"His main area of current research is quantum information sciences, where his group uses trapped atomic ions and a range of photonics technologies in an effort to construct a scalable quantum information processors and quantum communication networks. || His research focuses on introduction of new technologies, such as micro fabricated ion traps, optical micro-electromechanical systems, advanced single photon detectors, compact cryogenics and vacuum technologies, towards a functional integration of quantum information processing systems.",auto_pronoun_needs_audit,0,NA,NA,NA,NA,1,FALSE,2026-09-28,success,0,3,0,man,"His main area of current research is quantum information sciences, where his group uses trapped atomic ions and a range of photonics technologies in an effort to construct a scalable quantum information processors and quantum communication networks. || His research focuses on introduction of new technologies, such as micro fabricated ion traps, optical micro-electromechanical systems, advanced single photon detectors, compact cryogenics and vacuum technologies, towards a functional integration of quantum information processing systems.",Jungsang,NA,NA,NA,profile_pronouns,NA,NA,0
Computer Science,raluca.gordan,https://scholars.duke.edu/person/raluca.gordan,Raluca Mihaela Gordan,Computer Science,1,91,18.2,18,0.1999999999999993,0.1978021978021978,5.055555555555555,322,NA,NA,NA,manual_review_required,1,2009,Duke University,17,1,1,FALSE,2026-09-28,success,0,0,0,unknown,NA,Raluca,NA,NA,NA,manual_review,NA,1,1
Computer Science,rcd,https://scholars.duke.edu/person/rcd,Robert C. Duvall,Computer Science,1,91,18.2,18,0.1999999999999993,0.1978021978021978,5.055555555555555,322,"Object-oriented programming, design patterns, graphics, animation and visualization, artificial life, and programming languages.",0,NA,auto_pronoun_needs_audit,0,NA,NA,NA,NA,0,FALSE,2026-09-28,success,0,0,0,man,NA,Robert,NA,NA,NA,first_name_ssa_95pct,NA,NA,0
Computer Science,azhar,https://scholars.duke.edu/person/azhar,Salman Azhar,Computer Science,1,91,18.2,18,0.1999999999999993,0.1978021978021978,5.055555555555555,322,"Dr. Salman Azhar specializes in buying shares of pre-IPO unicorns from early investors. He has invested in over 200 startups spanning 25 years. Twelve of these have already gone public or been acquired. Dr. Azhar is a General Partner of Azimuth Opportunity Fund and Executive in Residence at Duke University’s Fuqua School of Business. He has previously served as the Managing Director of Duke Capital Partners. He is an advisor to several funds. His former business partners and clients include Toyota, Sony, SAP, and numerous other prominent companies. Dr. Azhar earned his MS and PhD in Computer Science from Duke as a James B. Duke Fellow (Duke’s most prestigious graduate award) and a BS in Math and Physics from Wake Forest University as a Carswell Scholar (Wake Forest’s highest undergraduate scholarship).",0,He has invested in over 200 startups spanning 25 years. || He has previously served as the Managing Director of Duke Capital Partners. || He is an advisor to several funds.,auto_pronoun_needs_audit,1,1994,Duke University,32,1,0,FALSE,2026-09-28,success,0,5,0,man,He has invested in over 200 startups spanning 25 years. || He has previously served as the Managing Director of Duke Capital Partners. || He is an advisor to several funds.,Salman,NA,NA,NA,profile_pronouns,NA,NA,0
Computer Science,yiran.chen,https://scholars.duke.edu/person/yiran.chen,Yiran Chen,Computer Science,1,91,18.2,18,0.1999999999999993,0.1978021978021978,5.055555555555555,322,"Yiran Chen earned his B.S. in 1998 and M.S. in 2001 from Tsinghua University and completed his Ph.D. in 2005 at Purdue University. In 2010, he joined the University of Pittsburgh as an Assistant Professor, where he was later promoted to Associate Professor with tenure in 2014, holding the prestigious Bicentennial Alumni Faculty Fellowship. He currently serves as the John Cocke Distinguished Professor of Electrical and Computer Engineering at Duke University. Dr. Chen is the Director of the National Science Foundation (NSF) AI Institute for Edge Computing Leveraging (Athena), one of the 27 National AI Institutes in the United States. He also leads the NSF Industry-University Cooperative Research Center (IUCRC) for Alternative Sustainable and Intelligent Computing (ASIC) and co-directs the Duke Center for Computational Evolutionary Intelligence (DCEI). His research group focuses on innovations in emerging memory and storage systems, machine learning and neuromorphic computing, and edge computing. Throughout his career, Dr. Chen has supervised or is currently supervising over 60 Ph.D. students and 4 postdoctoral scholars. Many of his mentees have achieved significant success, with 14 joining faculties at institutions in the United States, Turkey, Hong Kong, and China, including four NSF CAREER Awardees. Dr. Chen has an extensive publication record, including one book, over 700 technical papers, and 96 U.S. patents. His work has earned 15 paper awards, including two Test-of-Time Awards, and 17 best paper nominations from leading international journals and conferences. Among his numerous accolades, he is one of only three individuals to receive Technical Achievement Awards from both the IEEE Circuits and Systems Society and the IEEE Computer Society, organizations with histories spanning 76 and 79 years, respectively. He has served as a Distinguished Lecturer for the IEEE Council on Electronic Design Automation (CEDA) and the IEEE Circuits and Systems Society (CASS), as well as a Distinguished Visitor of the IEEE Computer Society (CS). He is a Fellow of the AAAS, ACM, IEEE, and NAI, and a member of the European Academy of Sciences and Arts. From 2021 to 2024, he chaired the ACM Special Interest Group on Design Automation (SIGDA), and he was Editor-in-Chief of the IEEE Circuits and Systems Magazine from 2020 to 2023. Currently, he is the inaugural Editor-in-Chief of the IEEE Transactions on Circuits and Systems for Artificial Intelligence (TCASAI) and the inaugural Chair of the IEEE Circuits and Systems Society Machine Learning Circuits and Systems (MLCAS) Technical Committee. He has served as a member of the Committee on Using Machine Learning in Safety-Critical Applications: Setting a Research Agenda, The National Academies of Sciences, Engineering, and Medicine. Beyond academia, Dr. Chen has contributed to industry as Chairman of the Board, Independent Director, and consultant for several startups and venture capital firms. He is a passionate advocate for the responsible use of AI technologies. Dr. Chen is a founding member of the steering committee for the Academic Alliance on AI Policy (AAAIP) and a Fellow of the Asian American Scholar Forum (AASF).",0,"Overview Yiran Chen earned his B.S. || in 2001 from Tsinghua University and completed his Ph.D. || In 2010, he joined the University of Pittsburgh as an Assistant Professor, where he was later promoted to Associate Professor with tenure in 2014, holding the prestigious Bicentennial Alumni Faculty Fellowship.",auto_pronoun_needs_audit,1,2005,Purdue University,21,0,1,FALSE,2026-09-28,success,0,19,0,man,"Overview Yiran Chen earned his B.S. || in 2001 from Tsinghua University and completed his Ph.D. || In 2010, he joined the University of Pittsburgh as an Assistant Professor, where he was later promoted to Associate Professor with tenure in 2014, holding the prestigious Bicentennial Alumni Faculty Fellowship.",Yiran,NA,NA,NA,profile_pronouns,NA,NA,0
Economics,adam.rosen,https://scholars.duke.edu/person/adam.rosen,Adam M Rosen,Economics,1,112,22.4,23,0.4000000000000022,0.20535714285714285,4.869565217391305,322,NA,0,NA,auto_pronoun_needs_audit,1,2006,Northwestern University,20,0,0,FALSE,2026-09-28,success,0,0,0,man,NA,Adam,NA,NA,NA,first_name_ssa_95pct,NA,NA,0
Economics,aino.levonmaa,https://scholars.duke.edu/person/aino.levonmaa,Aino Levonmaa,Economics,1,112,22.4,23,0.4000000000000022,0.20535714285714285,4.869565217391305,322,NA,1,NA,auto_pronoun_needs_audit,1,2017,University of Oxford (United Kingdom),9,0,0,FALSE,2026-09-28,success,0,0,0,woman,NA,Aino,NA,NA,NA,first_name_ssa_95pct,NA,NA,1
Economics,alex.pfaff,https://scholars.duke.edu/person/alex.pfaff,Alexander Pfaff,Economics,1,112,22.4,23,0.4000000000000022,0.20535714285714285,4.869565217391305,322,"Alex Pfaff is a Professor of Public Policy, Economics and Environment at Duke University. He studies how economic development affects and is affected by natural resources and the environment. His focus is on the impacts of conservation policies (such as protected areas, ecoservices payments, and certifications) and development policies (such as roads and rights). Those impacts are functions of choices by individuals and communities that affect land use, water quantity and quality, human exposures (to arsenic, mercury, mining, and particulates), and both the provision and use of information. Research accessible at AlexPfaff.com",0,"He studies how economic development affects and is affected by natural resources and the environment. || His focus is on the impacts of conservation policies (such as protected areas, ecoservices payments, and certifications) and development policies (such as roads and rights). || · 2024 - 2027 Transitioning to Hg-free Gold Processing: Identifying gaps from current to Hg-free supply chains and strategizing how to bridge them Public ServiceCo Investigator · Awarded by Conservation International Guyana · 2022 - 2023 Center for Research on Environmental Decisions (CRED2) ResearchPrincipal Investigator · Awarded by Columbia University · 2010 - 2015 View All Grants Education Massachusetts Institute of Technology · 1995 Ph.D.",auto_pronoun_needs_audit,1,1995,Massachusetts Institute of Technology,31,0,1,FALSE,2026-09-28,success,0,2,1,man,"He studies how economic development affects and is affected by natural resources and the environment. || His focus is on the impacts of conservation policies (such as protected areas, ecoservices payments, and certifications) and development policies (such as roads and rights). || · 2024 - 2027 Transitioning to Hg-free Gold Processing: Identifying gaps from current to Hg-free supply chains and strategizing how to bridge them Public ServiceCo Investigator · Awarded by Conservation International Guyana · 2022 - 2023 Center for Research on Environmental Decisions (CRED2) ResearchPrincipal Investigator · Awarded by Columbia University · 2010 - 2015 View All Grants Education Massachusetts Institute of Technology · 1995 Ph.D.",Alexander,NA,NA,NA,profile_pronouns,NA,NA,0
Economics,andrew.patton,https://scholars.duke.edu/person/andrew.patton,Andrew J. Patton,Economics,1,112,22.4,23,0.4000000000000022,0.20535714285714285,4.869565217391305,322,"Patton’s research interests lie in financial econometrics, with an emphasis on forecasting volatility and dependence, forecast evaluation methods, high frequency financial data, and the analysis of hedge funds and mutual funds. His research has appeared in a variety of academic journals, including the Journal of Finance, Journal of Financial Economics, Review of Financial Studies, Econometrica, Journal of Econometrics, and the Journal of the American Statistical Association. He has given hundreds of invited seminars around the world, at universities, central banks, and other institutions. A complete list of his current and past research is available at: http://econ.duke.edu/~ap172/research.html",0,"His research has appeared in a variety of academic journals, including the Journal of Finance, Journal of Financial Economics, Review of Financial Studies, Econometrica, Journal of Econometrics, and the Journal of the American Statistical Association. || He has given hundreds of invited seminars around the world, at universities, central banks, and other institutions. || A complete list of his current and past research is available at: http://econ.duke.edu/~ap172/research.html Current Duke Appointments & Affiliations Zelter Family Distinguished Professor · 2016 - Present Economics, Trinity College of Arts & Sciences Professor in the Department of Economics · 2013 - Present Economics, Trinity College of Arts & Sciences Recent News Items Published May 5, 2016 Duke Awards Distinguished Professorships, Inducts New Bass Society Members View All News Items Recent Scholarly Works Skill and Efficiency in the U.S.",auto_pronoun_needs_audit,1,2002,"University of California, San Diego",24,0,0,FALSE,2026-09-28,success,0,3,1,man,"His research has appeared in a variety of academic journals, including the Journal of Finance, Journal of Financial Economics, Review of Financial Studies, Econometrica, Journal of Econometrics, and the Journal of the American Statistical Association. || He has given hundreds of invited seminars around the world, at universities, central banks, and other institutions. || A complete list of his current and past research is available at: http://econ.duke.edu/~ap172/research.html Current Duke Appointments & Affiliations Zelter Family Distinguished Professor · 2016 - Present Economics, Trinity College of Arts & Sciences Professor in the Department of Economics · 2013 - Present Economics, Trinity College of Arts & Sciences Recent News Items Published May 5, 2016 Duke Awards Distinguished Professorships, Inducts New Bass Society Members View All News Items Recent Scholarly Works Skill and Efficiency in the U.S.",Andrew,NA,NA,NA,profile_pronouns,NA,NA,0
Economics,attila.ambrus,https://scholars.duke.edu/person/attila.ambrus,Attila Ambrus,Economics,1,112,22.4,23,0.4000000000000022,0.20535714285714285,4.869565217391305,322,"Professor Ambrus’ research focuses on a broad range of subjects including game theory, experimental economics, microeconomic theory, industrial organization, political economics, development economics and economic history. He has received various grants from the National Science Foundation. His most recent work has been published in the American Economic Review, the Quarterly Journal of Economics, Econometrica, and Theoretical Economics.",NA,"He has received various grants from the National Science Foundation. || His most recent work has been published in the American Economic Review, the Quarterly Journal of Economics, Econometrica, and Theoretical Economics. || An uninformed principal is unable to perform a task herself and must choose between one of two biased and imperfectly informed experts.",manual_review_required,1,2003,Princeton University,23,0,0,FALSE,2026-09-28,success,1,2,0,review_conflict,"He has received various grants from the National Science Foundation. || His most recent work has been published in the American Economic Review, the Quarterly Journal of Economics, Econometrica, and Theoretical Economics. || An uninformed principal is unable to perform a task herself and must choose between one of two biased and imperfectly informed experts.",Attila,NA,NA,NA,manual_review,NA,0,0
Economics,Christopher.Walker2,https://scholars.duke.edu/person/Christopher.Walker2,Christopher D Walker CV,Economics | Statistical Science,2,112,22.4,23,0.4000000000000022,0.20535714285714285,4.869565217391305,322,"I am an Assistant Professor in the Department of Economics at Duke University. My research focuses on Bayesian semi/nonparametrics and structural econometric models relevant to industrial organization. I received my Ph.D. in Economics from Harvard University in 2025, an A.M. in Economics from Harvard University in 2022, and a Bachelor of Economics (First Class Honours with the University Medal) from The University of Sydney in 2019.",0,NA,auto_pronoun_needs_audit,1,2025,Harvard University,1,0,0,FALSE,2026-09-28,success,0,0,0,man,NA,Christopher,NA,NA,NA,first_name_ssa_95pct,NA,NA,0
Economics,cfullenk,https://scholars.duke.edu/person/cfullenk,Connel Fullenkamp,Economics,1,112,22.4,23,0.4000000000000022,0.20535714285714285,4.869565217391305,322,"Professor Fullenkamp specializes in the investigation of financial market development and regulation of financial markets. His projects often involve the exploration of such variables as immigrant worker remittances, economic policy, and the development of countries. His completed papers have appeared in various leading academic journals, including The Cato Journal, the Journal of Banking and Finance, the Review of Economic Dynamics, and the Review of Economics and Statistics. Titles of his publications include, “Capital Trading, Stock Trading, and the Inflation Tax on Equity” with Scott Baier, Charles Carlstrom, Ralph Chami, Thomas Cosimano, and Timothy Fuerst; “Assessing Individual Risk-Attitudes Using Field Data from Lottery Games” with Rafael Tenorio and Robert Battalio; “Are Immigrant Remittance Flows a Source for Capital Development” with Ralph Chami and Samir Jahjah; and more. Professor Fullenkamp is currently focusing his studies on the impact of immigrant remittances on economic growth and the framework for financial market development.",0,"His projects often involve the exploration of such variables as immigrant worker remittances, economic policy, and the development of countries. || His completed papers have appeared in various leading academic journals, including The Cato Journal, the Journal of Banking and Finance, the Review of Economic Dynamics, and the Review of Economics and Statistics. || Titles of his publications include, “Capital Trading, Stock Trading, and the Inflation Tax on Equity” with Scott Baier, Charles Carlstrom, Ralph Chami, Thomas Cosimano, and Timothy Fuerst; “Assessing Individual Risk-Attitudes Using Field Data from Lottery Games” with Rafael Tenorio and Robert Battalio; “Are Immigrant Remittance Flows a Source for Capital Development” with Ralph Chami and Samir Jahjah; and more.",auto_pronoun_needs_audit,1,1992,Harvard University,34,0,0,FALSE,2026-09-28,success,0,4,2,man,"His projects often involve the exploration of such variables as immigrant worker remittances, economic policy, and the development of countries. || His completed papers have appeared in various leading academic journals, including The Cato Journal, the Journal of Banking and Finance, the Review of Economic Dynamics, and the Review of Economics and Statistics. || Titles of his publications include, “Capital Trading, Stock Trading, and the Inflation Tax on Equity” with Scott Baier, Charles Carlstrom, Ralph Chami, Thomas Cosimano, and Timothy Fuerst; “Assessing Individual Risk-Attitudes Using Field Data from Lottery Games” with Rafael Tenorio and Robert Battalio; “Are Immigrant Remittance Flows a Source for Capital Development” with Ralph Chami and Samir Jahjah; and more.",Connel,NA,NA,NA,profile_pronouns,NA,NA,0
Economics,cosmin.ilut,https://scholars.duke.edu/person/cosmin.ilut,Cosmin L. Ilut,Economics,1,112,22.4,23,0.4000000000000022,0.20535714285714285,4.869565217391305,322,"Professor Ilut’s major fields of interest are macroeconomics, international finance, asset pricing, and economics of information. Specifically, he focuses on the role of expectations and how agents incorporate information. He is currently focusing on settings in which agents face model uncertainty. Based on decision theoretical foundations (ambiguity aversion), he studies the role of such uncertainties for understanding macroeconomic issues like business cycle fluctuations, asset pricing and optimal policy.",0,"Specifically, he focuses on the role of expectations and how agents incorporate information. || He is currently focusing on settings in which agents face model uncertainty. || Based on decision theoretical foundations (ambiguity aversion), he studies the role of such uncertainties for understanding macroeconomic issues like business cycle fluctuations, asset pricing and optimal policy.",auto_pronoun_needs_audit,1,2009,Northwestern University,17,0,1,FALSE,2026-09-28,success,0,3,0,man,"Specifically, he focuses on the role of expectations and how agents incorporate information. || He is currently focusing on settings in which agents face model uncertainty. || Based on decision theoretical foundations (ambiguity aversion), he studies the role of such uncertainties for understanding macroeconomic issues like business cycle fluctuations, asset pricing and optimal policy.",Cosmin,NA,NA,NA,profile_pronouns,NA,NA,0
Economics,yi.xu,https://scholars.duke.edu/person/yi.xu,Daniel Yi Xu,Economics,1,112,22.4,23,0.4000000000000022,0.20535714285714285,4.869565217391305,322,"Daniel Yi Xu is the David Rubenstein Distinguished Professor of Economics at Duke University, a Faculty Research Associate at the National Bureau of Economic Research, a Research Fellow at the Center for Economic Policy Research, and a Senior Fellow at the Asian Bureau of Finance and Economic Research. His research focuses on the intersection of productivity, international trade, and industrial organization. Professor Xu’s current research agenda involves the use of large-scale microdata to model and estimate a broad range of dynamic individual firm decisions and to examine how these decisions impact resource allocation, industry performance, and economic growth, particularly in developing and emerging economies. His most recent work has been published in leading economics journals, including the American Economic Review, Journal of Political Economy, Review of Economic Studies, RAND Journal of Economics, Review of Economic Dynamics, and Management Science. Professor Xu is currently a co-editor of the American Economic Journal: Microeconomics and an associate editor of the RAND Journal of Economics. He previously served as co-editor for the Review of Economics and Statistics and the Journal of Development Economics. Additionally, he has been an associate editor for the American Economic Journal: Applied, Economic Journal, Journal of Industrial Economics, Journal of International Economics, Quantitative Economics, and the Review of Economics and Statistics.",0,"His research focuses on the intersection of productivity, international trade, and industrial organization. || His most recent work has been published in leading economics journals, including the American Economic Review, Journal of Political Economy, Review of Economic Studies, RAND Journal of Economics, Review of Economic Dynamics, and Management Science. || He previously served as co-editor for the Review of Economics and Statistics and the Journal of Development Economics.",auto_pronoun_needs_audit,1,2007,Pennsylvania State University,19,0,0,FALSE,2026-09-28,success,0,4,2,man,"His research focuses on the intersection of productivity, international trade, and industrial organization. || His most recent work has been published in leading economics journals, including the American Economic Review, Journal of Political Economy, Review of Economic Studies, RAND Journal of Economics, Review of Economic Dynamics, and Management Science. || He previously served as co-editor for the Review of Economics and Statistics and the Journal of Development Economics.",Daniel,NA,NA,NA,profile_pronouns,NA,NA,0
Economics,david.mcadams,https://scholars.duke.edu/person/david.mcadams,David McAdams,Economics,1,112,22.4,23,0.4000000000000022,0.20535714285714285,4.869565217391305,322,"David McAdams is the Robert A. Bandeen Professor of Business Administration at the Fuqua School of Business, Duke University. He is also Professor of Economics in the Economics Department at Duke. He earned a B.S. in Applied Mathematics at Harvard University, an M.S. in Statistics from Stanford University, and a Ph.D. in Business from the Stanford Graduate School of Business. Before joining the faculty at Duke, he was Associate Professor of Applied Economics at the MIT Sloan School of Management. He has also worked as Special Assistant to the Director, Bureau of Economics, Federal Trade Commission. Professor McAdams' primary research interests are microeconomic theory and game theory, with a special focus on strategic interactions between buyers and sellers, including auctions, pricing, negotiations, and relationships. His work has been published in the leading journals of economics, including Econometrica, American Economic Review, Review of Economic Studies, Journal of Political Economy, Journal of Economic Theory, and Journal of Econometrics. Currently, he is an associate editor of Journal of Economic Literature, International Journal of Industrial Organization, and International Journal of Game Theory. Professor McAdams is author of ""Game-Changer: Game Theory and the Art of Transforming Strategic Situations"" (W.W. Norton, 2014). Professor McAdams teaches the economics elective ""Game Theory for Strategic Advantage"" in the Daytime MBA program at Fuqua, as well as the PhD elective ""Market Design I: Auctions"" in the Economics Department. Professor McAdams' consulting work focuses on two areas: (i) “market design / bidding strategy consulting” for those designing or participating in an auction market (e.g. FCC spectrum auctions, electricity procurement auctions, B2B exchanges); and (ii) “game-theory consulting” for firms (from startup to Fortune 50) facing mission-critical strategic challenges or opportunities.",0,"He is also Professor of Economics in the Economics Department at Duke. || He earned a B.S. || Before joining the faculty at Duke, he was Associate Professor of Applied Economics at the MIT Sloan School of Management.",auto_pronoun_needs_audit,0,NA,NA,NA,NA,1,FALSE,2026-09-28,success,0,6,2,man,"He is also Professor of Economics in the Economics Department at Duke. || He earned a B.S. || Before joining the faculty at Duke, he was Associate Professor of Applied Economics at the MIT Sloan School of Management.",David,NA,NA,NA,profile_pronouns,NA,NA,0
Economics,emily.cuddy,https://scholars.duke.edu/person/emily.cuddy,Emily A Cuddy,Economics,1,112,22.4,23,0.4000000000000022,0.20535714285714285,4.869565217391305,322,"Emily Cuddy's research interests lie at the intersection of health economics and industrial organization, where she studies health care markets with a view towards improving their function. In previous work, she has examined manufacturer conduct in pharmaceutical markets, as well as physician prescribing behavior in mental health care. Currently, she is working on projects on generic drug quality, cost pass through in health insurance, and family health spillovers. She received her PhD from Princeton University in 2021.",1,"Overview Emily Cuddy's research interests lie at the intersection of health economics and industrial organization, where she studies health care markets with a view towards improving their function. || In previous work, she has examined manufacturer conduct in pharmaceutical markets, as well as physician prescribing behavior in mental health care. || Currently, she is working on projects on generic drug quality, cost pass through in health insurance, and family health spillovers.",auto_pronoun_needs_audit,1,2021,Princeton University,5,0,0,FALSE,2026-09-28,success,5,0,1,woman,"Overview Emily Cuddy's research interests lie at the intersection of health economics and industrial organization, where she studies health care markets with a view towards improving their function. || In previous work, she has examined manufacturer conduct in pharmaceutical markets, as well as physician prescribing behavior in mental health care. || Currently, she is working on projects on generic drug quality, cost pass through in health insurance, and family health spillovers.",Emily,NA,NA,NA,profile_pronouns,NA,NA,1
Economics,felipe.lobel,https://scholars.duke.edu/person/felipe.lobel,Felipe Lobel,Economics,1,112,22.4,23,0.4000000000000022,0.20535714285714285,4.869565217391305,322,NA,0,NA,auto_pronoun_needs_audit,1,2024,"University of California, Berkeley",2,0,0,FALSE,2026-09-28,success,0,0,0,man,NA,Felipe,NA,NA,NA,first_name_ssa_95pct,NA,NA,0
Economics,giuseppe.lopomo,https://scholars.duke.edu/person/giuseppe.lopomo,Giuseppe Lopomo,Economics,1,112,22.4,23,0.4000000000000022,0.20535714285714285,4.869565217391305,322,"Giuseppe (Pino) Lopomo is the Alan D. Schwartz Distinguished Professor of Business Administrations at the Fuqua School of Business, Duke University. He also has a courtesy appointment at the Economics Department of Duke University. He has a Laurea Magna cum laude from Bocconi University in Milan, Italy, and a Ph.D. in Business Administration from the Stanford Graduate School of Business. Before joining the faculty at Duke, he was Assistant Professor of Economics at the Stern School of Business of New York University, and visited the Economics department of the University of Michigan for one year. Currently, Professor Lopomo teaches Managerial Economics and Competitive Analysis to MBA students. He has taught courses on similar topics to undergraduate and PhD students. Professor Lopomo's research focuses on applied game theory, auction and mechanism design. His work has been published in leading journals of economics including The Review of Economic Studies, International Economic Review, Journal of Economic Theory, Games and Economic Behavior, The Rand Journal of Economics and American Economic Journal: Microeconomics",0,"He also has a courtesy appointment at the Economics Department of Duke University. || He has a Laurea Magna cum laude from Bocconi University in Milan, Italy, and a Ph.D. || Before joining the faculty at Duke, he was Assistant Professor of Economics at the Stern School of Business of New York University, and visited the Economics department of the University of Michigan for one year.",auto_pronoun_needs_audit,1,1994,Stanford University,32,0,0,FALSE,2026-09-28,success,0,5,1,man,"He also has a courtesy appointment at the Economics Department of Duke University. || He has a Laurea Magna cum laude from Bocconi University in Milan, Italy, and a Ph.D. || Before joining the faculty at Duke, he was Assistant Professor of Economics at the Stern School of Business of New York University, and visited the Economics department of the University of Michigan for one year.",Giuseppe,NA,NA,NA,profile_pronouns,NA,NA,0
Economics,james.anton,https://scholars.duke.edu/person/james.anton,James J. Anton,Economics,1,112,22.4,23,0.4000000000000022,0.20535714285714285,4.869565217391305,322,"James J. Anton is the Hanes Corporation Foundation Professor in the Economics Area at the Fuqua School of Business. He also has secondary appointments in the Department of Economics at Duke and at UNC. He received his Ph.D. in Economics from Stanford University 1984 and, prior to joining the Fuqua faculty in 1989, he served on the faculty at the State University of New York at Stony Brook. Professor Anton's interests are in the area of applied microeconomic theory and industrial organization economics. His research focuses on issues involving information, incentives, contracting, and property rights in markets where strategic rivalry between firms is an important feature. He has published papers on innovation incentives and intellectual property rights, competitive pricing and sourcing, procurement contracts, auctions, incentive regulations, and antitrust issues. Professor Anton has taught a variety of courses at Fuqua, including managerial economics, economic environment of the firm (macroeconomics), competitive analysis, and a course on global markets and institutions, and he has taught in several degree programs at Fuqua. His teaching has been recognized on past occasions, including the Outstanding Professor Award from the Global Executive Classes of 2003 and of 2001. In 2007, he received the Bank of America Faculty Award. Professor Anton's research has been published in a variety of economics journals, including The American Economic Review, The International Economic Review, The Quarterly Journal of Economics, The Review of Economic Studies, The RAND Journal of Economics, The Journal of Economic Theory, Games and Economic Behavior, The Journal of Public Economics, and The Journal of Law, Economics and Organization, and also in law and policy journals. He currently serves as an Associate Editor at The RAND Journal of Economics, on the Editorial Board of The Journal of Industrial Economics, and, previously, as Associate Editor at Management Science and Co-editor of The Journal of Economics and Management Strategy. On the personal side, Professor Anton is married and has two sons. He enjoys music and sports and, despite advancing years, continues to try to play volleyball.",0,"He also has secondary appointments in the Department of Economics at Duke and at UNC. || He received his Ph.D. || in Economics from Stanford University 1984 and, prior to joining the Fuqua faculty in 1989, he served on the faculty at the State University of New York at Stony Brook.",auto_pronoun_needs_audit,1,1984,Stanford University,42,0,0,FALSE,2026-09-28,success,0,11,0,man,"He also has secondary appointments in the Department of Economics at Duke and at UNC. || He received his Ph.D. || in Economics from Stanford University 1984 and, prior to joining the Fuqua faculty in 1989, he served on the faculty at the State University of New York at Stony Brook.",James,NA,NA,NA,profile_pronouns,NA,NA,0
Economics,kd.hoover,https://scholars.duke.edu/person/kd.hoover,Kevin Douglas Hoover,Economics,1,112,22.4,23,0.4000000000000022,0.20535714285714285,4.869565217391305,322,"Professor Hoover's research interests include macroeconomics, monetary economics, the history of economics, and the philosophy and methodology of empirical economics. His recent work in economics has focused on the application of causal search methodologies for structural vector autoregression, the history of microfoundational programs in macroeconomics, and Roy Harrod's early work on dynamic macroeconomics. In philosophy, he has concentrated on issues related to causality, especially in economics, and on reductionism -- the philosophical counterpart to microfoundations. Recent publications include: ""Trygve Haavelmo's Experimental Methodology and Scenario Analysis in a Cointegrated Vector Autoregression"" (Econometric Theory, 2015), ""Reductionism in Economics: Intentionality and Eschatological Justification in the Microfoundations of Macroeconomics"" (Philosophy of Science 2015), ""Mathematical Economics Comes to America: Charles S. Peirce’s Engagement with Cournot’s Recherches sur les Principes Mathematiques de la Théorie des Richesses"" (Journal of the History of Economic Thought, 2015), ""The Genesis of Samuelson and Solow’s Price-Inflation Phillips Curve"" (History of Economics Review, 2015), ""Solow's Harrod: Transforming Cyclical Dynamics into a Model of Long-run Growth"" (European Journal of the History of Economic Thought 2015), ""In the Kingdom of Solovia: The Rise of Growth Economics at MIT, 1956-1970"" (History of Political Economy 2014), “Still Puzzling: Evaluating the Price Puzzle in an Empirically Identified Structural Vector Autoregression” (Empirical Economics, 2014), ""On the Reception of Haavelmo's Econometric Thought"" (Journal of the History of Economic Thought, 2014) – winner of the History of Economics Society Best Paper Award in 2015.",0,"His recent work in economics has focused on the application of causal search methodologies for structural vector autoregression, the history of microfoundational programs in macroeconomics, and Roy Harrod's early work on dynamic macroeconomics. || In philosophy, he has concentrated on issues related to causality, especially in economics, and on reductionism -- the philosophical counterpart to microfoundations.",auto_pronoun_needs_audit,1,1985,University of Oxford (United Kingdom),41,0,0,FALSE,2026-09-28,success,0,2,0,man,"His recent work in economics has focused on the application of causal search methodologies for structural vector autoregression, the history of microfoundational programs in macroeconomics, and Roy Harrod's early work on dynamic macroeconomics. || In philosophy, he has concentrated on issues related to causality, especially in economics, and on reductionism -- the philosophical counterpart to microfoundations.",Kevin,NA,NA,NA,profile_pronouns,NA,NA,0
Economics,martin.smith,https://scholars.duke.edu/person/martin.smith,Martin D. Smith,Economics,1,112,22.4,23,0.4000000000000022,0.20535714285714285,4.869565217391305,322,"Smith studies the economics of the oceans, including fisheries, marine ecosystems, seafood markets, and coastal climate adaptation. He has written on a range of policy-relevant topics, including economics of marine reserves, seasonal closures in fisheries, ecosystem-based management, catch shares, nutrient pollution, aquaculture, genetically modified foods, the global seafood trade, organic agriculture, coastal property markets, and coastal responses to climate change. He is best known for identifying unintended consequences of marine and coastal policies that ignore human behavioral feedbacks. Smith’s methodological interests span micro-econometrics, optimal control theory, time series analysis, and numerical modeling of coupled human-natural systems. Smith’s published work appears in The American Economic Review, Nature, Science, Proceedings of the National Academy of Sciences, Journal of Environmental Economics and Management, the Review of Economics and Statistics, and a number of other scholarly journals that span environmental economics, fisheries science, marine policy, ecology, and the geo-sciences. Smith has received national and international awards, including the Quality of Research Discovery from the Agricultural and Applied Economics Association, Outstanding Article in Marine Resource Economics, and an Aldo Leopold Leadership Fellowship. His research has been funded by the National Science Foundation, the National Oceanic and Atmospheric Administration, the National Center for Ecological Analysis and Synthesis, and the Research Council of Norway. Smith has served as Editor-in-Chief of the journal Marine Resource Economics, Co-Editor of the Journal of the Association of Environmental and Resource Economists, and Co-Editor of the Journal of Environmental Economics and Management. He served as a member of the Scientific and Statistical Committee of the Mid-Atlantic Fishery Management Council and currently serves on the Ocean Studies Board of the National Academies.",0,"He has written on a range of policy-relevant topics, including economics of marine reserves, seasonal closures in fisheries, ecosystem-based management, catch shares, nutrient pollution, aquaculture, genetically modified foods, the global seafood trade, organic agriculture, coastal property markets, and coastal responses to climate change. || He is best known for identifying unintended consequences of marine and coastal policies that ignore human behavioral feedbacks. || His research has been funded by the National Science Foundation, the National Oceanic and Atmospheric Administration, the National Center for Ecological Analysis and Synthesis, and the Research Council of Norway.",auto_pronoun_needs_audit,1,2001,"University of California, Davis",25,0,0,FALSE,2026-09-28,success,0,4,0,man,"He has written on a range of policy-relevant topics, including economics of marine reserves, seasonal closures in fisheries, ecosystem-based management, catch shares, nutrient pollution, aquaculture, genetically modified foods, the global seafood trade, organic agriculture, coastal property markets, and coastal responses to climate change. || He is best known for identifying unintended consequences of marine and coastal policies that ignore human behavioral feedbacks. || His research has been funded by the National Science Foundation, the National Oceanic and Atmospheric Administration, the National Center for Ecological Analysis and Synthesis, and the Research Council of Norway.",Martin,NA,NA,NA,profile_pronouns,NA,NA,0
Economics,adler,https://scholars.duke.edu/person/adler,Matthew D. Adler,Economics,1,112,22.4,23,0.4000000000000022,0.20535714285714285,4.869565217391305,322,"Matthew D. Adler is the Richard A. Horvitz Professor of Law and Professor of Economics, Philosophy and Public Policy at Duke University, and is the founding director of the Duke Center for Law, Economics and Public Policy. His scholarship is interdisciplinary, drawing from welfare economics, normative ethics, and legal theory. Adler’s current research agenda focuses on “prioritarianism”—a refinement to utilitarianism that gives extra weight (“priority”) to the worse off. He writes about the theoretical foundations of prioritarianism; its implementation as a policy analysis methodology, in the form of a “social welfare function” or cost-benefit analysis with distributional weights; and its application to a variety of policy domains, including climate change, risk regulation, and health policy. Adler is the author of numerous articles and several monographs, including New Foundations of Cost-Benefit Analysis (Harvard, 2006; co-authored with Eric Posner); Well-Being and Fair Distribution: Beyond Cost-Benefit Analysis, which systematically discusses how to integrate considerations of fair distribution into policy analysis (Oxford, 2012); and Measuring Social Welfare: An Introduction (Oxford, 2019), an overview of the social-welfare function approach. With Marc Fleurbaey, he edited the Oxford Handbook of Well-Being and Public Policy (2016). Along with Ole Norheim, he is the co-founder of the Prioritarianism in Practice Research Network, whose work will appear in an edited volume, Prioritarianism in Practice (under contract, Cambridge University Press). Adler was until 2017 an editor of the journal Legal Theory, and is now an editor of Economics and Philosophy. Prior to joining the Duke Law faculty in 2012, Adler was the Leon Meltzer Professor of Law at the University of Pennsylvania School of Law. He has been a visiting professor at Bar-Ilan University, Columbia University, Duke, the University of Chicago, and the University of Virginia. In addition to his Duke appointment, Adler currently holds a 3-year position as the Ludwig M. Lachmann Professorial Research Fellow at the London School of Economics. Adler has a B.A. and J.D. from Yale University, where he was a member of the Yale Law Journal. He also received an M. Litt. in modern history from St. Antony’s College at Oxford University, where he was a Marshall Scholar. He clerked for Judge Harry Edwards of the U.S. Court of Appeals for the D.C. Circuit in 1991-1992 and for U.S. Supreme Court Justice Sandra Day O’Connor during the 1992-1993 term. Adler practiced litigation at Paul, Weiss, Rifkind, Wharton & Garrison in New York prior to joining the University of Pennsylvania law faculty in 1995.",NA,"His scholarship is interdisciplinary, drawing from welfare economics, normative ethics, and legal theory. || He writes about the theoretical foundations of prioritarianism; its implementation as a policy analysis methodology, in the form of a “social welfare function” or cost-benefit analysis with distributional weights; and its application to a variety of policy domains, including climate change, risk regulation, and health policy. || With Marc Fleurbaey, he edited the Oxford Handbook of Well-Being and Public Policy (2016).",manual_review_required,0,NA,NA,NA,NA,0,FALSE,2026-09-28,success,1,10,0,review_conflict,"His scholarship is interdisciplinary, drawing from welfare economics, normative ethics, and legal theory. || He writes about the theoretical foundations of prioritarianism; its implementation as a policy analysis methodology, in the form of a “social welfare function” or cost-benefit analysis with distributional weights; and its application to a variety of policy domains, including climate change, risk regulation, and health policy. || With Marc Fleurbaey, he edited the Oxford Handbook of Well-Being and Public Policy (2016).",Matthew,NA,NA,NA,manual_review,NA,0,0
Economics,michael.munger,https://scholars.duke.edu/person/michael.munger,Michael C. Munger,Economics,1,112,22.4,23,0.4000000000000022,0.20535714285714285,4.869565217391305,322,"Professor of Political Science, with joint appointments in Economics and Public Policy. His primary research focus is on the functioning of markets, regulation, and government institutions. He has taught at Dartmouth College, University of Texas, and University of North Carolina (where he was Director of the Master of Public Administration Program), as well as working as a staff economist at the Federal Trade Commission during the Reagan Administration. Munger is currently the President of the Philadelphia Society, a group that brings together academic and political leaders. He is past President of the Public Choice Society, an international academic society of political scientists and economists with members in 16 countries. He was North American Editor of the journal Public Choice for five years. His recent books include Choosing in Groups (2015, Cambridge U Press) and Tomorrow 3.0 (2018, Cambridge U Press). Munger's most recent book, The Sharing Economy, was published in 2021 by the Institute for Economic Affairs. His podcast, The Answer is Transaction Costs, is a discussion of the problems of coordination of groups of people with shared goals.",0,"His primary research focus is on the functioning of markets, regulation, and government institutions. || He has taught at Dartmouth College, University of Texas, and University of North Carolina (where he was Director of the Master of Public Administration Program), as well as working as a staff economist at the Federal Trade Commission during the Reagan Administration. || He is past President of the Public Choice Society, an international academic society of political scientists and economists with members in 16 countries.",auto_pronoun_needs_audit,1,1984,Washington University in St. Louis,42,0,0,FALSE,2026-09-28,success,0,9,0,man,"His primary research focus is on the functioning of markets, regulation, and government institutions. || He has taught at Dartmouth College, University of Texas, and University of North Carolina (where he was Director of the Master of Public Administration Program), as well as working as a staff economist at the Federal Trade Commission during the Reagan Administration. || He is past President of the Public Choice Society, an international academic society of political scientists and economists with members in 16 countries.",Michael,NA,NA,NA,profile_pronouns,NA,NA,0
Economics,michael.frakes,https://scholars.duke.edu/person/michael.frakes,Michael D Frakes,Economics,1,112,22.4,23,0.4000000000000022,0.20535714285714285,4.869565217391305,322,"Michael Frakes is the A. Kenneth Pye Professor of Law at Duke Law School. He holds a secondary faculty appointment in the Duke Economics Department. Frakes also serves as a Research Associate at the National Bureau of Economic Research. He joined the Duke Law faculty in June, 2016 from Northwestern University’s Pritzker School of Law, where he was an associate professor. Frakes is generally interested in empirical research in the areas of health law and innovation policy. His research in health is largely focused on understanding how certain legal and financial incentives affect the decisions of physicians and other health care providers. His research in innovation policy centers on exploring the determinants of behaviors and outcomes at the U.S. Patent and Trademark Office. Frakes’ scholarship has appeared in leading economics, law and medicine journals, including the American Economic Review, American Economic Journal: Economic Policy, Review of Economics and Statistics, Stanford Law Review, University of Chicago Law Review and JAMA He is currently serving as the Principal Investigator on an R01 award from the NIH, exploring the effects of immunizing physicians from medical liability on the extent and quality of the medical care they deliver. Frakes received his BS in Economics from the Massachusetts Institute of Technology (MIT) in 2001, his JD, cum laude, from Harvard Law School in 2005, and his PhD in Economics from MIT in 2009. He was an associate at Skadden, Arps, Slate, Meagher & Flom in Wilmington, Del., from 2005 to 2007. From 2009 to 2011, he was an academic fellow at the Petrie-Flom Center for Health Law Policy, Biotechnology, and Bioethics at Harvard Law School.",0,"He holds a secondary faculty appointment in the Duke Economics Department. || He joined the Duke Law faculty in June, 2016 from Northwestern University’s Pritzker School of Law, where he was an associate professor. || His research in health is largely focused on understanding how certain legal and financial incentives affect the decisions of physicians and other health care providers.",auto_pronoun_needs_audit,1,2009,Massachusetts Institute of Technology,17,0,0,FALSE,2026-09-28,success,0,11,1,man,"He holds a secondary faculty appointment in the Duke Economics Department. || He joined the Duke Law faculty in June, 2016 from Northwestern University’s Pritzker School of Law, where he was an associate professor. || His research in health is largely focused on understanding how certain legal and financial incentives affect the decisions of physicians and other health care providers.",Michael,NA,NA,NA,profile_pronouns,NA,NA,0
Economics,rachel.kranton,https://scholars.duke.edu/person/rachel.kranton,Rachel Kranton,Economics,1,112,22.4,23,0.4000000000000022,0.20535714285714285,4.869565217391305,322,"Rachel Kranton studies how institutions and the social setting affect economic outcomes. She develops theories of networks and has introduced identity into economic thinking. Her research contributes to many fields including microeconomics, economic development, and industrial organization. In Identity Economics, Rachel Kranton and collaborator George Akerlof, introduce a general framework to study social norms and identity in economics. In the economics of networks, Rachel Kranton develops formal models of strategic interaction in different economic settings. Her work draws on empirical findings and integrates new mathematical tools to uncover how network structures influence economic outcomes. Rachel Kranton has a long-standing interest in development economics and institutions. She focuses on the costs and benefits of networks and informal exchange, which is economic activity mediated by social relationships rather than markets.",1,"She develops theories of networks and has introduced identity into economic thinking. || Her research contributes to many fields including microeconomics, economic development, and industrial organization. || Her work draws on empirical findings and integrates new mathematical tools to uncover how network structures influence economic outcomes.",auto_pronoun_needs_audit,1,1993,"University of California, Berkeley",33,0,0,FALSE,2026-09-28,success,4,0,0,woman,"She develops theories of networks and has introduced identity into economic thinking. || Her research contributes to many fields including microeconomics, economic development, and industrial organization. || Her work draws on empirical findings and integrates new mathematical tools to uncover how network structures influence economic outcomes.",Rachel,NA,NA,NA,profile_pronouns,NA,NA,1
Economics,rconrad,https://scholars.duke.edu/person/rconrad,Robert F. Conrad,Economics,1,112,22.4,23,0.4000000000000022,0.20535714285714285,4.869565217391305,322,NA,0,NA,auto_pronoun_needs_audit,0,NA,NA,NA,NA,0,FALSE,2026-09-28,success,0,0,0,man,NA,Robert,NA,NA,NA,first_name_ssa_95pct,NA,NA,0
Economics,sergio.lagunes,https://scholars.duke.edu/person/sergio.lagunes,Sergio Thomas Lagunes,Economics,1,112,22.4,23,0.4000000000000022,0.20535714285714285,4.869565217391305,322,NA,0,NA,auto_pronoun_needs_audit,0,NA,NA,NA,NA,0,FALSE,2026-09-28,success,0,0,0,man,NA,Sergio,NA,NA,NA,first_name_ssa_95pct,NA,NA,0
Economics,tong.guo,https://scholars.duke.edu/person/tong.guo,Tong Guo,Economics,1,112,22.4,23,0.4000000000000022,0.20535714285714285,4.869565217391305,322,"Tong Guo is an Associate Professor of Marketing at Duke University’s Fuqua School of Business and at the Department of Economics (by courtesy). Tong Guo studies the causal role of information in marketing and its policy implications, especially in the domain of healthcare, new technology and consumer protection. To do so, she uses a collection of methodologies from econometrics, machine learning, quasi-experiments, and online experiments. Her research explores the heterogeneous effects in healthcare marketing under the mandated information disclosure, consumer responses to misinformation in ads, moral hazard in airline loyalty programs, biotech adoptions, marijuana legalization and opioid prescriptions. She serves on the Editorial Board of Marketing Science. Tong Guo is a faculty fellow at 2022 AMA Sheth Foundation Doctoral Consortium, 2022 ISMS Early Career Scholars Camp Fellow, the finalist of the 2018 UM ProQuest Distinguished Dissertation Awards, the 2017 AMA Sheth Foundation Doctoral Consortium Fellow, and the 2016 INFORMS Marketing Science Doctoral Consortium Fellow. Tong received her BS and BA at Peking University, her MA in Economics at Duke University, and her PhD in Marketing at the University of Michigan, Ann Arbor. At Fuqua, Tong teaches Strategic Brand Management in the Daytime MBA and Executive MBA programs. She also taught Marketing Core in the MMS programs and was recognized as the DKU Runner-Up for Excellence in Teaching in 2021-22.",1,"To do so, she uses a collection of methodologies from econometrics, machine learning, quasi-experiments, and online experiments. || Her research explores the heterogeneous effects in healthcare marketing under the mandated information disclosure, consumer responses to misinformation in ads, moral hazard in airline loyalty programs, biotech adoptions, marijuana legalization and opioid prescriptions. || She serves on the Editorial Board of Marketing Science.",auto_pronoun_needs_audit,1,2018,"University of Michigan, Ann Arbor",8,0,0,FALSE,2026-09-28,success,7,0,0,woman,"To do so, she uses a collection of methodologies from econometrics, machine learning, quasi-experiments, and online experiments. || Her research explores the heterogeneous effects in healthcare marketing under the mandated information disclosure, consumer responses to misinformation in ads, moral hazard in airline loyalty programs, biotech adoptions, marijuana legalization and opioid prescriptions. || She serves on the Editorial Board of Marketing Science.",Tong,NA,NA,NA,profile_pronouns,NA,NA,1
English,ggopen,https://scholars.duke.edu/person/ggopen,George D. Gopen,English,1,53,10.6,11,0.6000000000000014,0.20754716981132076,4.818181818181818,322,"George Gopen is Professor Emeritus of the Practice of Rhetoric. He taught at Duke for 30 years, full-time in the English Department, part-time at the Law School (16 years), and as a lecturer to faculty of the College, the Law School, and the Medical School on his new way of approaching and controlling the written English language. Since 1985, total faculty attendance at his 12-hour workshops has exceeded 20,000. He is known worldwide for the latter work. His seminal article, ""The Science of Scientific Writing,"" published in 1990 by American Scientist, leads that journal's citation index and was selected at the journal's 100th anniversary as one of its 36 ""Classic Articles."" He has received a lifetime achievement award from the Legal Writing Institute for his contributions to the field of legal writing. His 5 books and 80 articles include a series of 42 articles published quarterly for the American Bar Association journal Litigation, which is sent to all 30,000 trial lawyers who are ABA members. His latest. long, and ground-breaking article on writing appears in two parts in American Scientist, in its November-December and January-February issues, 2022-23.",0,"He taught at Duke for 30 years, full-time in the English Department, part-time at the Law School (16 years), and as a lecturer to faculty of the College, the Law School, and the Medical School on his new way of approaching and controlling the written English language. || Since 1985, total faculty attendance at his 12-hour workshops has exceeded 20,000. || He is known worldwide for the latter work.",auto_pronoun_needs_audit,1,1975,Harvard University,51,0,0,FALSE,2026-09-28,success,0,9,0,man,"He taught at Duke for 30 years, full-time in the English Department, part-time at the Law School (16 years), and as a lecturer to faculty of the College, the Law School, and the Medical School on his new way of approaching and controlling the written English language. || Since 1985, total faculty attendance at his 12-hour workshops has exceeded 20,000. || He is known worldwide for the latter work.",George,NA,NA,NA,profile_pronouns,NA,NA,0
English,kathy.psomiades,https://scholars.duke.edu/person/kathy.psomiades,Kathy A. Psomiades CV,English,1,53,10.6,11,0.6000000000000014,0.20754716981132076,4.818181818181818,322,"Kathy Psomiades works on Victorian literature and culture. She is author of Primitive Marriage: Victorian Anthropology, the Novel and Sexual Modernity (Oxford 2023), Beauty's Body: Femininity and Representation in British Aestheticism (Stanford, 1997), and co-editor, with Talia Schaffer of Women and British Aestheticism (Virginia, 1999).",1,"She is author of Primitive Marriage: Victorian Anthropology, the Novel and Sexual Modernity (Oxford 2023), Beauty's Body: Femininity and Representation in British Aestheticism (Stanford, 1997), and co-editor, with Talia Schaffer of Women and British Aestheticism (Virginia, 1999).",auto_pronoun_needs_audit,1,1990,Yale University,36,0,0,FALSE,2026-09-28,success,1,0,0,woman,"She is author of Primitive Marriage: Victorian Anthropology, the Novel and Sexual Modernity (Oxford 2023), Beauty's Body: Femininity and Representation in British Aestheticism (Stanford, 1997), and co-editor, with Talia Schaffer of Women and British Aestheticism (Virginia, 1999).",Kathy,NA,NA,NA,profile_pronouns,NA,NA,1
English,mquillig,https://scholars.duke.edu/person/mquillig,Maureen Quilligan,English,1,53,10.6,11,0.6000000000000014,0.20754716981132076,4.818181818181818,322,"Maureen Quilligan has as a primary field of interest in the Renaissance, with special attention to women and literature. She has published four books: The Language of Allegory: Defining the Genre (1979) Milton's Spenser: The Politics of Reading (1983), The Allegory of Female Authority: Christine de Pizan's Cite des Dames (1991) and Incest and Agency in Elizabeth's England (2005). She has also co-edited three volumes of essays titled Rewriting the Renaissance: The Discourses of Sexual Difference in Early Modern Europe (1986) and Subject and Object in Renaissance Culture(1996) and Rereading the Black Legend: the Discourses of Racial Difference in the Renaissance Empires (2008). Among other fellowships she has held a Guggenheim and an ACLS and was awarded the Sidonie Clauss Prize for Distinguished Teaching in the Humanities at Yale (1983) as well as the Undergraduate Advisory Board Teaching Prize at the University of Pennsylvania (1997). She is at work on two current projects: female political authority in the sixteenth century, and slavery in the Renaissance epic.",1,"She has published four books: The Language of Allegory: Defining the Genre (1979) Milton's Spenser: The Politics of Reading (1983), The Allegory of Female Authority: Christine de Pizan's Cite des Dames (1991) and Incest and Agency in Elizabeth's England (2005). || She has also co-edited three volumes of essays titled Rewriting the Renaissance: The Discourses of Sexual Difference in Early Modern Europe (1986) and Subject and Object in Renaissance Culture(1996) and Rereading the Black Legend: the Discourses of Racial Difference in the Renaissance Empires (2008). || Among other fellowships she has held a Guggenheim and an ACLS and was awarded the Sidonie Clauss Prize for Distinguished Teaching in the Humanities at Yale (1983) as well as the Undergraduate Advisory Board Teaching Prize at the University of Pennsylvania (1997).",auto_pronoun_needs_audit,1,1973,Harvard University,53,0,0,FALSE,2026-09-28,success,4,0,0,woman,"She has published four books: The Language of Allegory: Defining the Genre (1979) Milton's Spenser: The Politics of Reading (1983), The Allegory of Female Authority: Christine de Pizan's Cite des Dames (1991) and Incest and Agency in Elizabeth's England (2005). || She has also co-edited three volumes of essays titled Rewriting the Renaissance: The Discourses of Sexual Difference in Early Modern Europe (1986) and Subject and Object in Renaissance Culture(1996) and Rereading the Black Legend: the Discourses of Racial Difference in the Renaissance Empires (2008). || Among other fellowships she has held a Guggenheim and an ACLS and was awarded the Sidonie Clauss Prize for Distinguished Teaching in the Humanities at Yale (1983) as well as the Undergraduate Advisory Board Teaching Prize at the University of Pennsylvania (1997).",Maureen,NA,NA,NA,profile_pronouns,NA,NA,1
English,Mesha.Maren,https://scholars.duke.edu/person/Mesha.Maren,Mesha M Maren,English,1,53,10.6,11,0.6000000000000014,0.20754716981132076,4.818181818181818,322,Spring '26 Semester: Tuesdays and Wednesdays 2:00- 3:00 by appointment (319 Allen),1,"Cite Perpetual West Book · January 25, 2022 ""As Alex and Elana try to make their home among the academics and young leftists in El Paso and Juárez, they are pulled from each other by an affair with a lucha libre fighter, their struggles to define themselves, and the loud cry of home ...",auto_pronoun_needs_audit,0,NA,NA,NA,NA,0,FALSE,2026-09-28,success,0,0,4,woman,"Cite Perpetual West Book · January 25, 2022 ""As Alex and Elana try to make their home among the academics and young leftists in El Paso and Juárez, they are pulled from each other by an affair with a lucha libre fighter, their struggles to define themselves, and the loud cry of home ...",Mesha,NA,NA,NA,first_name_ssa_95pct,NA,NA,1
English,Mike.D'Alessandro,https://scholars.duke.edu/person/Mike.D'Alessandro,Michael F D'Alessandro CV,English,1,53,10.6,11,0.6000000000000014,0.20754716981132076,4.818181818181818,322,"Michael D’Alessandro holds an M.F.A. in Dramaturgy and Dramatic Criticism from Yale University and a Ph.D. in American Studies from Boston University. His principal research focuses on American literature and theatre history in the long nineteenth century. Whether studying well-known works of the literary canon or long-forgotten theatrical melodramas, D’Alessandro highlights the significance of social class within nineteenth-century reception. He also teaches twentieth- and twenty-first century American literature, film, and performance history, and his published work focuses on authors such as Frank Norris and William Faulkner. His articles have appeared in J19: The Journal of Nineteenth-Century Americanists, The New England Quarterly, Mississippi Quarterly, The Eugene O’Neill Review, and Studies in American Naturalism. Before arriving at Duke, D’Alessandro served as Lecturer and Assistant Director of Studies in Harvard’s History and Literature Program. At Harvard, Yale, and BU, he designed and taught several seminars, including “American Romantic Fiction and the Occult,” “Utopias and Dystopias in American Literature,” “The City in Modern American Drama,” and “Melodramatic Theatre and Early Silent Film.” His book, Staged Readings: Contesting Class in Popular American Literature and Theatre, 1835-1875 was published in the fall of 2022 with the University of Michigan Press. Examining the overlaps between print and popular theatre, Staged Readings analyzes how working- and middle-class citizens shifted between roles as literary consumers and theatrical spectators in nineteenth-century America. The study reads works of popular fiction (George Lippard’s The Quaker City, Harriet Beecher Stowe’s Uncle Tom’s Cabin) against best-selling theatrical melodramas (The Drunkard; Undine, or, the Spirit of the Waters). With special attention to archival documents—including playbills, diary entries, parlor theatre manuals, etchings of tableaux vivants—the project seeks to expand the history of class-driven consumer culture.",0,"His principal research focuses on American literature and theatre history in the long nineteenth century. || He also teaches twentieth- and twenty-first century American literature, film, and performance history, and his published work focuses on authors such as Frank Norris and William Faulkner. || His articles have appeared in J19: The Journal of Nineteenth-Century Americanists, The New England Quarterly, Mississippi Quarterly, The Eugene O’Neill Review, and Studies in American Naturalism.",auto_pronoun_needs_audit,1,2014,Boston University,12,0,0,FALSE,2026-09-28,success,0,6,1,man,"His principal research focuses on American literature and theatre history in the long nineteenth century. || He also teaches twentieth- and twenty-first century American literature, film, and performance history, and his published work focuses on authors such as Frank Norris and William Faulkner. || His articles have appeared in J19: The Journal of Nineteenth-Century Americanists, The New England Quarterly, Mississippi Quarterly, The Eugene O’Neill Review, and Studies in American Naturalism.",Michael,NA,NA,NA,profile_pronouns,NA,NA,0
English,neal.bell,https://scholars.duke.edu/person/neal.bell,Neal C. Bell,English,1,53,10.6,11,0.6000000000000014,0.20754716981132076,4.818181818181818,322,NA,0,"Published October 28, 2021 Neal Bell Selects Five Overlooked or Underrated Horror Films to Haunt Your Sleep Published October 13, 2020 Here, There Be Monsters View All News Items Recent Scholarly Works NOW YOU SEE ME Artistic production · 2011 Cite Shadow of himself Artistic production · February 2009 in The Civilians: An Anthology of Six Plays (February, 2009), Playscripts, Inc.",auto_pronoun_needs_audit,0,NA,NA,NA,NA,0,FALSE,2026-09-28,success,0,1,0,man,"Published October 28, 2021 Neal Bell Selects Five Overlooked or Underrated Horror Films to Haunt Your Sleep Published October 13, 2020 Here, There Be Monsters View All News Items Recent Scholarly Works NOW YOU SEE ME Artistic production · 2011 Cite Shadow of himself Artistic production · February 2009 in The Civilians: An Anthology of Six Plays (February, 2009), Playscripts, Inc.",Neal,NA,NA,NA,profile_pronouns,NA,NA,0
English,rkhanna,https://scholars.duke.edu/person/rkhanna,Ranjana Khanna,"English | Gender, Sexuality & Feminist Studies",2,53,10.6,11,0.6000000000000014,0.20754716981132076,4.818181818181818,322,"Ranjana Khanna is Professor of English, Women's Studies, and the Literature Program at Duke University. She works on Anglo- and Francophone Postcolonial theory and literature, and Film, Psychoanalysis, and Feminist theory. She has published widely on transnational feminism, psychoanalysis, and postcolonial and feminist theory, literature, and film. She is the author of Dark Continents: Psychoanalysis and Colonialism (Duke University Press, 2003) and Algeria Cuts: Women and Representation 1830 to the present (Stanford University Press, 2008.) She has published in journals like Differences, Signs, Third Text, Diacritics, Screen, Art History, positions, SAQ, Feminist Theory, and Public Culture. Her current book manuscripts in progress are called: Asylum: The Concept and the Practice and Technologies of Unbelonging.",1,"She works on Anglo- and Francophone Postcolonial theory and literature, and Film, Psychoanalysis, and Feminist theory. || She has published widely on transnational feminism, psychoanalysis, and postcolonial and feminist theory, literature, and film. || She is the author of Dark Continents: Psychoanalysis and Colonialism (Duke University Press, 2003) and Algeria Cuts: Women and Representation 1830 to the present (Stanford University Press, 2008.) She has published in journals like Differences, Signs, Third Text, Diacritics, Screen, Art History, positions, SAQ, Feminist Theory, and Public Culture.",auto_pronoun_needs_audit,1,1993,University of York (United Kingdom),33,0,0,FALSE,2026-09-28,success,5,0,0,woman,"She works on Anglo- and Francophone Postcolonial theory and literature, and Film, Psychoanalysis, and Feminist theory. || She has published widely on transnational feminism, psychoanalysis, and postcolonial and feminist theory, literature, and film. || She is the author of Dark Continents: Psychoanalysis and Colonialism (Duke University Press, 2003) and Algeria Cuts: Women and Representation 1830 to the present (Stanford University Press, 2008.) She has published in journals like Differences, Signs, Third Text, Diacritics, Screen, Art History, positions, SAQ, Feminist Theory, and Public Culture.",Ranjana,NA,NA,NA,profile_pronouns,NA,NA,1
English,richard.so,https://scholars.duke.edu/person/richard.so,Richard Jean So,English,1,53,10.6,11,0.6000000000000014,0.20754716981132076,4.818181818181818,322,"Research and teaching interests: online and platform culture; culture and AI; computational study of culture and literature. Most recent book: Fast Culture, Slow Justice: How Digital Platforms Failed Black Lives Matter (Columbia UP, 2026). Recent papers: ""Why Slop Matters"" (ACM - AI Letters 2026); ""The Social AI Author (AI & Society 2026); ""Critical Confabulation (ICLR 2026). Personal website - Lab website",0,"Rhodes Associate Professor in the Digital Humanities · 2025 - Present English, Trinity College of Arts & Sciences Associate Professor of English · 2025 - Present English, Trinity College of Arts & Sciences Recent Scholarly Works The social AI author: modeling creativity and distinction in simulated cultural fields Journal article AI and Society · May 1, 2026 This article examines generative AI models as sociocultural actors, focusing on how they reproduce and constrain notions of authorship and identity within the contemporary U.S.",auto_pronoun_needs_audit,1,2010,Columbia University,16,0,0,FALSE,2026-09-28,success,0,0,1,man,"Rhodes Associate Professor in the Digital Humanities · 2025 - Present English, Trinity College of Arts & Sciences Associate Professor of English · 2025 - Present English, Trinity College of Arts & Sciences Recent Scholarly Works The social AI author: modeling creativity and distinction in simulated cultural fields Journal article AI and Society · May 1, 2026 This article examines generative AI models as sociocultural actors, focusing on how they reproduce and constrain notions of authorship and identity within the contemporary U.S.",Richard,NA,NA,NA,first_name_ssa_95pct,NA,NA,0
English,ott,https://scholars.duke.edu/person/ott,Sarah Beckwith,English,1,53,10.6,11,0.6000000000000014,0.20754716981132076,4.818181818181818,322,"Sarah Beckwith works on late medieval religious writing, medieval and early modern drama, and ordinary language philosophy. She is the author of Christ's Body: Identity, Religion and Society in Medieval English Writing (London: Routledge, 1993, pbk 1996); Signifying God: Social Relation and Symbolic Act in York's Play of Corpus Christi (Chicago: University of Chicago Press, 2001, pbk 2003), and Shakespeare and the Grammar of Forgiveness (Ithaca: Cornell University Press, 2011, pbk 2013). She is currently working on a book about Shakespearean tragedy and about philosophy's love affair with the genre of tragedy and The Book of Second Chances, a book about versions of Shakespeare's The Winter's Tale. She co-edited JMEMS for several years, and co-founded the book series Re-Formations with the University of Notre Dame Press and is the editor of numerous collections of essays and journals.",NA,"She is the author of Christ's Body: Identity, Religion and Society in Medieval English Writing (London: Routledge, 1993, pbk 1996); Signifying God: Social Relation and Symbolic Act in York's Play of Corpus Christi (Chicago: University of Chicago Press, 2001, pbk 2003), and Shakespeare and the Grammar of Forgiveness (Ithaca: Cornell University Press, 2011, pbk 2013). || She is currently working on a book about Shakespearean tragedy and about philosophy's love affair with the genre of tragedy and The Book of Second Chances, a book about versions of Shakespeare's The Winter's Tale. || She co-edited JMEMS for several years, and co-founded the book series Re-Formations with the University of Notre Dame Press and is the editor of numerous collections of essays and journals.",manual_review_required,1,1992,King's College London (United Kingdom),34,0,0,FALSE,2026-09-28,success,3,2,3,review_conflict,"She is the author of Christ's Body: Identity, Religion and Society in Medieval English Writing (London: Routledge, 1993, pbk 1996); Signifying God: Social Relation and Symbolic Act in York's Play of Corpus Christi (Chicago: University of Chicago Press, 2001, pbk 2003), and Shakespeare and the Grammar of Forgiveness (Ithaca: Cornell University Press, 2011, pbk 2013). || She is currently working on a book about Shakespearean tragedy and about philosophy's love affair with the genre of tragedy and The Book of Second Chances, a book about versions of Shakespeare's The Winter's Tale. || She co-edited JMEMS for several years, and co-founded the book series Re-Formations with the University of Notre Dame Press and is the editor of numerous collections of essays and journals.",Sarah,NA,NA,NA,manual_review,NA,1,1
English,ferraro,https://scholars.duke.edu/person/ferraro,Thomas J. Ferraro,English,1,53,10.6,11,0.6000000000000014,0.20754716981132076,4.818181818181818,322,"Professor Ferraro is an aficionado of the great American stuff--Emily Dickinson, Edward Hopper, the Marx Brothers, and Nina Simone--who writes on literature, film, and the performing arts. Contrary by temperament, at least as a scholar-critic, he has just published his *big book*, Transgression & Redemption in American Fiction (Oxford UP, announced for February 2021): a revisionist account of the interplay among violative self-making, transgressive sexuality and redemptive sacrifice that recaptures both the aesthetic wonder and social danger of the classic mainline, from Hawthorne's A Scarlet Letter to masterworks by Chopin, James, Fitzgerald, Cather, and Hemingway. For a preview of the issues in play, see his recent essay, ""Transgression and Redemption in the 1930s"" in William Solomon, ed., The Cambridge Companion to American Literature of the 1930s (CUP, 2018), 145-161. Ferraro is also the author of Feeling Italian: The Art of Ethnicity in America (NYU, 2005; winner of a 2006 American Book Award), Ethnic Passages: Literary Immigrants in 20th-Century America (U Chicago, 1993), the editor of Catholic Lives, Contemporary America (Duke, 1997), and a contributor to The Columbia History of the American Novel, Scribner's Encyclopedia of American Cultural and Intellectual History, The Oxford Encyclopedia of American Literature, Catholicism in the Movies, and The Catholic Studies Reader.",0,"Contrary by temperament, at least as a scholar-critic, he has just published his *big book*, Transgression & Redemption in American Fiction (Oxford UP, announced for February 2021): a revisionist account of the interplay among violative self-making, transgressive sexuality and redemptive sacrifice that recaptures both the aesthetic wonder and social danger of the classic mainline, from Hawthorne's A Scarlet Letter to masterworks by Chopin, James, Fitzgerald, Cather, and Hemingway. || For a preview of the issues in play, see his recent essay, ""Transgression and Redemption in the 1930s"" in William Solomon, ed., The Cambridge Companion to American Literature of the 1930s (CUP, 2018), 145-161.",auto_pronoun_needs_audit,1,1988,Yale University,38,0,0,FALSE,2026-09-28,success,0,3,0,man,"Contrary by temperament, at least as a scholar-critic, he has just published his *big book*, Transgression & Redemption in American Fiction (Oxford UP, announced for February 2021): a revisionist account of the interplay among violative self-making, transgressive sexuality and redemptive sacrifice that recaptures both the aesthetic wonder and social danger of the classic mainline, from Hawthorne's A Scarlet Letter to masterworks by Chopin, James, Fitzgerald, Cather, and Hemingway. || For a preview of the issues in play, see his recent essay, ""Transgression and Redemption in the 1930s"" in William Solomon, ed., The Cambridge Companion to American Literature of the 1930s (CUP, 2018), 145-161.",Thomas,NA,NA,NA,profile_pronouns,NA,NA,0
English,william.obarr,https://scholars.duke.edu/person/william.obarr,William M. O'Barr,English | Sociology,2,53,10.6,11,0.6000000000000014,0.20754716981132076,4.818181818181818,322,"William M. O'Barr, Ph.D. Northwestern 1969, is currently writing books about advertising and masculinity and about the history of legal anthropology. His extensive publications focus primarily on legal anthropology and include such concerns as law and politics in rural Africa, communication in trial courtrooms in America, and access to justice. His research sites have included rural villages in East Africa, trial courtrooms in the United States and Canada, and many of the organizations that are collectively referred to as ""Madison Avenue."" His publications include Tradition and Identity in Changing Africa (1973); Linguistics Evidence (1982); Language and Power (1984); Rules versus Relationships: The Ethnography of Legal Discourse (with John M. Conley; 1990); Fortune and Folly: The Wealth and Power of Institutional Investing (also with Conley; 1992), and Culture and the Ad: Exploring Otherness in the World of Advertising (1994); and Just Words: Language, Law and Power (The University of Chicago Press, 1998).",0,"His extensive publications focus primarily on legal anthropology and include such concerns as law and politics in rural Africa, communication in trial courtrooms in America, and access to justice. || His research sites have included rural villages in East Africa, trial courtrooms in the United States and Canada, and many of the organizations that are collectively referred to as ""Madison Avenue."" His publications include Tradition and Identity in Changing Africa (1973); Linguistics Evidence (1982); Language and Power (1984); Rules versus Relationships: The Ethnography of Legal Discourse (with John M.",auto_pronoun_needs_audit,1,1970,Northwestern University,56,0,0,FALSE,2026-09-28,success,0,3,0,man,"His extensive publications focus primarily on legal anthropology and include such concerns as law and politics in rural Africa, communication in trial courtrooms in America, and access to justice. || His research sites have included rural villages in East Africa, trial courtrooms in the United States and Canada, and many of the organizations that are collectively referred to as ""Madison Avenue."" His publications include Tradition and Identity in Changing Africa (1973); Linguistics Evidence (1982); Language and Power (1984); Rules versus Relationships: The Ethnography of Legal Discourse (with John M.",William,NA,NA,NA,profile_pronouns,NA,NA,0
"Gender, Sexuality & Feminist Studies",alhall,https://scholars.duke.edu/person/alhall,Amy Laura Hall CV,"Gender, Sexuality & Feminist Studies",1,45,9,9,0,0.2,5,322,"Amy Laura Hall was named a Henry Luce III Fellow in Theology for 2004-2005 and has received funding from the Lilly Foundation, the Josiah Trent Memorial Foundation, the American Theological Library Association, the Child in Religion and Ethics Project, the Pew Foundation and the Project on Lived Theology. At Duke University, Professor Hall has served on the steering committee of the Genome Ethics, Law, and Policy Center and as a faculty member for the FOCUS program of the Institute on Genome Sciences and Policy and for the FOCUS program on Global Health. She has served on the Duke Medical Center’s Institutional Review Board and as an ethics consultant to the V.A. Center in Durham. She served as a faculty adviser with the Duke Center for Civic Engagement (under Leela Prasad), on the Academic Council, and as a faculty advisor for the NCCU-Duke Program in African, African American & Diaspora Studies. She currently teaches with and serves on the Faculty Advisory Committee for Graduate Liberal Studies. Professor Hall was the 2017 Scholar in Residence at Foundry United Methodist Church in Washington D.C., served on the Bioethics Task Force of the United Methodist Church, and has spoken to academic and ecclesial groups across the U.S. and Europe. An ordained elder in the United Methodist Church, Hall is a member of the Rio Texas Annual Conference. She has served both urban and suburban parishes. Her service with the community has included an initiative called Labor Sabbath, an effort with the AFL-CIO of North Carolina to encourage congregations of faith to talk about the usefulness of labor unions, and, from August 2013 to June 2017, a monthly column for the Durham Herald-Sun. Professor Hall organized a conference against torture in 2011, entitled “Toward a Moral Consensus Against Torture,” and a “Conference Against the Use of Drones in Warfare” October 20-21, 2017. In collaboration with the North Carolina Council of Churches and the United Methodist Church, she organized a workshop with legal scholar Richard Rothstein held October, 2018 and, in 2020, brought the exhibit “Waging Peace in Vietnam” to Duke University. Amy Laura Hall is the author of four books: Kierkegaard and the Treachery of Love, Conceiving Parenthood: The Protestant Spirit of Biotechnological Reproduction, Writing Home with Love: Politics for Neighbors and Naysayers, and Laughing at the Devil: Seeing the World with Julian of Norwich. Recent articles include ""The Single Individual in Ordinary Time: Theological Engagements in Sociobiology,"" which was a keynote lecture given with Kara Slade at the Society for the Study of Christian Ethics in 2012, and ""Torture and American Television,"" which appeared in the April 2013 issue of Muslim World, a volume that Hall guest-edited with Daniel Arnold. Her essay “Love in Everything: A Brief Primer to Julian of Norwich"" appeared in volume 32 of The Princeton Seminary Bulletin. Word and World published her essay on heroism in the Winter 2016 edition, and her essay ""His Eye Is on the Sparrow: Collectivism and Human Significance"" is in a 2017 volume entitled Why People Matter with Baker Publishing. Her 2019 essay “Love: A Holy Caprice” appears in The T&T Clark Companion to the Theology of Kierkegaard. Laughing at the Devil was the focus of her 2018 Simpson Lecture at Simpson College in Iowa and was featured at the 2019 Virginia Festival of the Book and at the 2019 Chautauqua Institution. Her substantial (5,500 word) entry on “Torture” will appear in Volume III (pp. 1399-1408) of the Wiley-Blackwell Encyclopedia of Religious Ethics. She writes for Religion Dispatches and is an author at Religion News Service. She continues work on a longer research project on masculinity and gender anxiety in mainstream, white evangelicalism and has begun research for a book length project on formal responses to 9/11 at major research universities during the early years of the “War on Terrorism.”",NA,"She has served on the Duke Medical Center’s Institutional Review Board and as an ethics consultant to the V.A. || She served as a faculty adviser with the Duke Center for Civic Engagement (under Leela Prasad), on the Academic Council, and as a faculty advisor for the NCCU-Duke Program in African, African American & Diaspora Studies. || She currently teaches with and serves on the Faculty Advisory Committee for Graduate Liberal Studies.",manual_review_required,1,1999,Yale University,27,0,0,FALSE,2026-09-28,success,14,1,0,review_conflict,"She has served on the Duke Medical Center’s Institutional Review Board and as an ethics consultant to the V.A. || She served as a faculty adviser with the Duke Center for Civic Engagement (under Leela Prasad), on the Academic Council, and as a faculty advisor for the NCCU-Duke Program in African, African American & Diaspora Studies. || She currently teaches with and serves on the Faculty Advisory Committee for Graduate Liberal Studies.",Amy,NA,NA,NA,manual_review,NA,1,1
"Gender, Sexuality & Feminist Studies",ara.wilson,https://scholars.duke.edu/person/ara.wilson,Ara Wilson,"Gender, Sexuality & Feminist Studies",1,45,9,9,0,0.2,5,322,"In my scholarly work, I am especially interested in two combinations: interpreting empirical research through theoretical reflection and connecting economic systems to sex/gender systems and sexuality. I've taken these bridging projects in a few directions: ethnographic fieldwork in Bangkok, Thailand, with interest in the Southeast Asian region (on hiatus since Covid19); Science & Technology Studies (STS), e.g., projects on medical tourism, infrastructure, and standardization; a political economy of sex/gender, or queer political economy (QPE) rigorous conceptualization of keywords, such as intimacy, infrastructure, or the history of gender itself. histories of the scholarly fields of Anthropology and Women's Studies transnational networks relevant to sex/gender, e.g., the UN-NGO orbit and the World Social Forum. I have taught a range of undergraduate courses in Gender Studies and regularly teachMoney/Sex/Powerand for many years team-taught Nature/Nurture-Sex/Gender with a neurobiologist. I co-ran a project on Transgender Studies and helped initiate GSF's courses on Introduction to Transgender Studies and Digital Feminism. At the graduate level, I have led seminars in core feminist areas (feminist theory; transnational feminist theory; research design; sexuality studies) as well as topical courses on Infrastructure; The 1970s; and Care Economies (team taught). When serving as the DGS for GSF, I enjoyed mentoring graduate students from various departments on dissertation writing and entering the unnerving market for jobs and fellowships.",NA,"Current Duke Appointments & Affiliations Associate Professor of Gender, Sexuality & Feminist Studies · 2007 - Present Gender, Sexuality & Feminist Studies, Trinity College of Arts & Sciences Associate Professor of Cultural Anthropology · 2020 - Present Cultural Anthropology, Trinity College of Arts & Sciences Affiliate of the Duke Initiative for Science & Society · 2014 - Present Duke Science & Society, University Initiatives & Academic Support Units Recent News Items Published September 15, 2016 Gender Identity Data Put Summer Students On Front Lines Published August 21, 2015 Bangkok Bombers 'Picked Their Target With Efficiency' Published August 18, 2015 Bangkok bombing: Here is a basic primer on terrorism in Thailand View All News Items Recent Scholarly Works Worldly Power and Local Alterity Transnational Queer Anthropology Book section · 2024 Link to item Cite Desiring infrastructure Journal article Dialogues in Human Geography · March 1, 2023 Infrastructure has been an object of political action in its form as public good.",manual_review_required,1,1997,City University of New York,29,0,0,FALSE,2026-09-28,success,0,0,1,unknown,"Current Duke Appointments & Affiliations Associate Professor of Gender, Sexuality & Feminist Studies · 2007 - Present Gender, Sexuality & Feminist Studies, Trinity College of Arts & Sciences Associate Professor of Cultural Anthropology · 2020 - Present Cultural Anthropology, Trinity College of Arts & Sciences Affiliate of the Duke Initiative for Science & Society · 2014 - Present Duke Science & Society, University Initiatives & Academic Support Units Recent News Items Published September 15, 2016 Gender Identity Data Put Summer Students On Front Lines Published August 21, 2015 Bangkok Bombers 'Picked Their Target With Efficiency' Published August 18, 2015 Bangkok bombing: Here is a basic primer on terrorism in Thailand View All News Items Recent Scholarly Works Worldly Power and Local Alterity Transnational Queer Anthropology Book section · 2024 Link to item Cite Desiring infrastructure Journal article Dialogues in Human Geography · March 1, 2023 Infrastructure has been an object of political action in its form as public good.",Ara,0.3943,0.6057,NA,manual_review,NA,1,1
"Gender, Sexuality & Feminist Studies",ckoonz,https://scholars.duke.edu/person/ckoonz,Claudia Koonz,"Gender, Sexuality & Feminist Studies | History",2,45,9,9,0,0.2,5,322,"How does it happen that citizens who consider themselves deeply moral can believe that some of their fellow citizens embody a danger so lethal that they must be eliminated? In ""The Nazi Conscience,"" I examined public culture during the so-called normal years of the Third Reich (1933-1939) and identified the key role of popular racial science and expert opinion in convincing mainstream Germans that Jews, homosexuals, Roma (Gypsies) were so ""alien"" that they scarcely counted as human at all. In my current research I ask similar questions about contemporary Europeans' reactions to Muslim women who wear the headscarf, or ""hijab."" I am less concerned with fanatics' hate speech than with the subtle prejudices common in generally liberal milieus. Identifying visual and textual representations of the ""hijab"" in mass-market media, I analyze the production of ethnic panic in countries where immigration is economically essential, but immigrants are culturally marginalized. In my research and courses, I examine the formation of ethnic fears that endow the ""us"" with the conviction they have been summoned to rid the world of an evil ""them.""",1,"Overview How does it happen that citizens who consider themselves deeply moral can believe that some of their fellow citizens embody a danger so lethal that they must be eliminated? || In ""The Nazi Conscience,"" I examined public culture during the so-called normal years of the Third Reich (1933-1939) and identified the key role of popular racial science and expert opinion in convincing mainstream Germans that Jews, homosexuals, Roma (Gypsies) were so ""alien"" that they scarcely counted as human at all. || In my research and courses, I examine the formation of ethnic fears that endow the ""us"" with the conviction they have been summoned to rid the world of an evil ""them."" Current Duke Appointments & Affiliations Peabody Family Distinguished Professor Emeritus of History in Trinity College of Arts and Sciences · 2012 - Present History, Trinity College of Arts & Sciences Professor Emeritus of History · 2012 - Present History, Trinity College of Arts & Sciences Recent News Items Published July 21, 2021 The Washington Post Gen.",auto_pronoun_needs_audit,1,1969,Rutgers University,57,0,0,FALSE,2026-09-28,success,0,0,7,woman,"Overview How does it happen that citizens who consider themselves deeply moral can believe that some of their fellow citizens embody a danger so lethal that they must be eliminated? || In ""The Nazi Conscience,"" I examined public culture during the so-called normal years of the Third Reich (1933-1939) and identified the key role of popular racial science and expert opinion in convincing mainstream Germans that Jews, homosexuals, Roma (Gypsies) were so ""alien"" that they scarcely counted as human at all. || In my research and courses, I examine the formation of ethnic fears that endow the ""us"" with the conviction they have been summoned to rid the world of an evil ""them."" Current Duke Appointments & Affiliations Peabody Family Distinguished Professor Emeritus of History in Trinity College of Arts and Sciences · 2012 - Present History, Trinity College of Arts & Sciences Professor Emeritus of History · 2012 - Present History, Trinity College of Arts & Sciences Recent News Items Published July 21, 2021 The Washington Post Gen.",Claudia,NA,NA,NA,first_name_ssa_95pct,NA,NA,1
"Gender, Sexuality & Feminist Studies",peter.sigal,https://scholars.duke.edu/person/peter.sigal,Peter Sigal,"Gender, Sexuality & Feminist Studies | History",2,45,9,9,0,0.2,5,322,"Pete Sigal is professor of History and Gender, Sexuality and Feminist Studies at Duke University. His research and teaching focus on the history of sexuality, Latin American history, and the relationship between colonialism and sexual pleasure. He is author of The Flower and the Scorpion: Sexuality and Ritual in Early Nahua Culture (Duke University Press, 2011), a study on the interaction of writing and sexual representation in sixteenth and seventeenth-century indigenous Nahua societies of Mexico, which won the Erminie Wheeler Voegelin Award from the American Society of Ethnohistory, for the best book published in 2011. He is co-editor, with Zeb Tortorici and the late Neil Whitehead, of Ethnopornography: Sexuality, Colonialism and Archival Knowledge (Duke University Press, 2020), a wide-ranging study of the relationships between the colonial and ethnographic gaze and sexuality throughout the world. He is completing a study of colonialism and sexual desire, “Sustaining Sexual Pleasure: Colonial Erotics, Racialized Sexuality, and Ecstatic Resistance,” in which he examines artistic reimaginings of the history of sexuality by engaging with the works of queer Black, Latinx, and Indigenous artists who work to decolonize desire through acts that Sigal terms “ecstatic resistance.” In such resistance, the artists build an alternative notion of ecstasy that allows us to reconsider the history of sexuality. His teaching includes an interdisciplinary first year seminar on sexuality around the world, an undergraduate lecture course, Sexual Pleasure in the Modern World that is often touted as one of the ""must take"" courses at Duke, an undergraduate lecture on Aztecs and Mayans, an advanced seminar on the history of sexuality, open to undergraduate and graduate students, and graduate seminars on various topics and approaches to history. Sigal has moved from studying sexual desires in indigenous communities to examining the colonial cultural processes that create global concepts of modern sexuality, race, gender, masculinity, and femininity. Sigal also is author of From Moon Goddesses to Virgins: The Colonization of Yucatecan Maya Sexual Desire (University of Texas Press, 2000), and editor of Infamous Desire: Male Homosexuality in Colonial Latin America (University of Chicago Press, 2003).",0,"His research and teaching focus on the history of sexuality, Latin American history, and the relationship between colonialism and sexual pleasure. || He is author of The Flower and the Scorpion: Sexuality and Ritual in Early Nahua Culture (Duke University Press, 2011), a study on the interaction of writing and sexual representation in sixteenth and seventeenth-century indigenous Nahua societies of Mexico, which won the Erminie Wheeler Voegelin Award from the American Society of Ethnohistory, for the best book published in 2011. || He is co-editor, with Zeb Tortorici and the late Neil Whitehead, of Ethnopornography: Sexuality, Colonialism and Archival Knowledge (Duke University Press, 2020), a wide-ranging study of the relationships between the colonial and ethnographic gaze and sexuality throughout the world.",auto_pronoun_needs_audit,1,1995,"University of California, Los Angeles",31,0,0,FALSE,2026-09-28,success,0,6,1,man,"His research and teaching focus on the history of sexuality, Latin American history, and the relationship between colonialism and sexual pleasure. || He is author of The Flower and the Scorpion: Sexuality and Ritual in Early Nahua Culture (Duke University Press, 2011), a study on the interaction of writing and sexual representation in sixteenth and seventeenth-century indigenous Nahua societies of Mexico, which won the Erminie Wheeler Voegelin Award from the American Society of Ethnohistory, for the best book published in 2011. || He is co-editor, with Zeb Tortorici and the late Neil Whitehead, of Ethnopornography: Sexuality, Colonialism and Archival Knowledge (Duke University Press, 2020), a wide-ranging study of the relationships between the colonial and ethnographic gaze and sexuality throughout the world.",Peter,NA,NA,NA,profile_pronouns,NA,NA,0
"Gender, Sexuality & Feminist Studies",rlstein,https://scholars.duke.edu/person/rlstein,Rebecca L. Stein,"Gender, Sexuality & Feminist Studies",1,45,9,9,0,0.2,5,322,"My research studies linkages between cultural and political processes in Israel in relation to the Gaza genocide, the military occupation (1967-present), and the history of Palestinian dispossession. I am the author and/or editor of 5 books on Israel/Palestine, including Screen Shots: State Violence on Camera in Israel and Palestine (Stanford University Press, 2021) on the politics of military occupation in the age of the global smartphone camera; Digital Militarism: Israel's Occupation in the Social Media Age (with Adi Kuntsman), on the militarization of social media in Israel; Itineraries in Conflict: Israelis, Palestinians, and the Political Lives of Tourism (Duke University Press, 2008) on the relationship between tourism, mobility politics, and the Israeli-Palestinian conflict; and the co-editor of Palestine, Israel, and the Politics of Popular Culture (Duke University Press, 2005) with Ted Swedenburg and The Struggle for Sovereignty: Palestine and Israel, 1993-2005 with Joel Beinin (Stanford University Press, 2006). My recent scholarship studies the Israeli relationship to the Gaza genocide through the lens of media and visual politics. I have authored 3 papers on this topic including: How to Unsee Gaza: Israel Visual Politics in a Time of Genocide (2026); Gaza and the rise of synthetic militarism: On genocide and generative AII (2026, with Adi Kuntsman); and Vanishing Acts: How the Israeli Media Manages Gaza (2024). I am a fellow at the National Humanities Center (AY 2026-2027) where I will be working on the book length version of this project. My work on the Gaza genocide builds on previous scholarship about the ways that new communication technologies meditated the everyday Israeli relationship to its military occupation. My first book within this project --Digital Militarism: Israel's Occupation in the Social Media Age (Stanford University Press, 2015 with Adi Kuntsman) -- studied the place of social media within this equation. This was followed by Screen Shots: State Violence on Camera in Israel and Palestine (Stanford University Press, 2021) which considered the roles of digital photographic technologies, with a focus on the multiple communities and institutions, across political divides, who ntegrated networked image-making into their political toolbox in the first two decades of the twenty-first century, including Palestinian and Israeli human rights workers and activists, Palestinian civilians living under occupation, the Israeli military, and the Jewish settler population. These projects were supported by grants from the American Council of Learned Societies (ACLS), the Wenner-Gren Foundation, the Palestinian American Research Council, and the Trent Foundation. Portions of this scholarship on Israeli media politics have appeared in journals such as Media, Culture and Society, Antipode, Current Anthropology, Critical Inquiry, Anthropological Quarterly, Middle East Report, and the London Review of Books. My older work on Israeli cultural politics has appeared in such journals as Public Culture, Social Text, The International Journal of Middle East Studies,Theory and Event, Journal of Palestine Studies, GLQ: A Journal of Gay and Lesbian Studies and Interventions: International Journal of Postcolonial Studies.",1,"This was followed by Screen Shots: State Violence on Camera in Israel and Palestine (Stanford University Press, 2021) which considered the roles of digital photographic technologies, with a focus on the multiple communities and institutions, across political divides, who ntegrated networked image-making into their political toolbox in the first two decades of the twenty-first century, including Palestinian and Israeli human rights workers and activists, Palestinian civilians living under occupation, the Israeli military, and the Jewish settler population. || Current Duke Appointments & Affiliations Professor of Cultural Anthropology · 2022 - Present Cultural Anthropology, Trinity College of Arts & Sciences Bass Fellow · 2018 - Present Cultural Anthropology, Trinity College of Arts & Sciences Recent News Items Published January 21, 2022 Rebecca Stein: Viral Occupation: Palestine and the Video Revolution Published September 20, 2021 Arts & Sciences Teaching Awards Celebrate Excellence Across the College Published June 30, 2021 Rebecca Stein on War in the Smartphone Age View All News Items Recent Scholarly Works Gaza and the rise of synthetic militarism: On genocide and generative AI Journal article Media Culture and Society · July 1, 2026 Drawing on the case of the Israeli genocidal assault on Gaza, with attention to how Israelis and their supporters were employing synthetic images as political tools, this essay responds to current academic debates around visual generative AI in political c ...",auto_pronoun_needs_audit,1,1999,Stanford University,27,0,1,FALSE,2026-09-28,success,0,0,2,woman,"This was followed by Screen Shots: State Violence on Camera in Israel and Palestine (Stanford University Press, 2021) which considered the roles of digital photographic technologies, with a focus on the multiple communities and institutions, across political divides, who ntegrated networked image-making into their political toolbox in the first two decades of the twenty-first century, including Palestinian and Israeli human rights workers and activists, Palestinian civilians living under occupation, the Israeli military, and the Jewish settler population. || Current Duke Appointments & Affiliations Professor of Cultural Anthropology · 2022 - Present Cultural Anthropology, Trinity College of Arts & Sciences Bass Fellow · 2018 - Present Cultural Anthropology, Trinity College of Arts & Sciences Recent News Items Published January 21, 2022 Rebecca Stein: Viral Occupation: Palestine and the Video Revolution Published September 20, 2021 Arts & Sciences Teaching Awards Celebrate Excellence Across the College Published June 30, 2021 Rebecca Stein on War in the Smartphone Age View All News Items Recent Scholarly Works Gaza and the rise of synthetic militarism: On genocide and generative AI Journal article Media Culture and Society · July 1, 2026 Drawing on the case of the Israeli genocidal assault on Gaza, with attention to how Israelis and their supporters were employing synthetic images as political tools, this essay responds to current academic debates around visual generative AI in political c ...",Rebecca,NA,NA,NA,first_name_ssa_95pct,NA,NA,1
"Gender, Sexuality & Feminist Studies",rey.chow,https://scholars.duke.edu/person/rey.chow,Rey Chow,"Gender, Sexuality & Feminist Studies",1,45,9,9,0,0.2,5,322,"Rey Chow's research comprises theoretical, interdisciplinary, and textual analyses. Since her years as a doctoral student at Stanford University, she has specialized in studying cultural forms through language, image, and sound (with particular attention to East Asia, Western Europe, and North America) and in the discursive encounters among modernity, postcoloniality, sexuality, and ethnicity. Her publications include over 120 peer-reviewed articles, book chapters, and substantive interviews, as well as the following books: AUTHORED BOOK PUBLICATIONS 1991 Woman and Chinese Modernity: The Politics of Reading between West and East, U of Minnesota P (Chinese translation, 1995; Japanese translation, 2003) 1993 Writing Diaspora: Tactics of Intervention in Contemporary Cultural Studies, Indiana UP (Japanese translation, 1998; Korean translation, 2005) 1995 Primitive Passions: Visuality, Sexuality, Ethnography, and Contemporary Chinese Cinema, Columbia UP (Japanese translation, 1999; Chinese translation, 2001; Korean translation, 2004) 1995 (In Chinese translation) Xie zai jia guo yi wai, Oxford UP (Hong Kong) 1998 Ethics after Idealism: Theory–Culture–Ethnicity–Reading, Indiana UP (Chinese translation, 2013) 2002 The Protestant Ethnic and the Spirit of Capitalism, Columbia UP 2004 (In Italian translation) Il sogno di Butterfly: costellazioni postcoloniali, Meltemi editore (Rome) 2006 The Age of the World Target: Self-Referentiality in War, Theory, and Comparative Work, Duke UP (Italian translation, 2007; Bulgarian translation, 2010; Chinese translation, 2011; Japanese translation, 2014) 2007 Sentimental Fabulations, Contemporary Chinese Films: Attachment in the Age of Global Visibility, Columbia UP (Chinese translation, 2019) 2010 The Rey Chow Reader, ed. Paul Bowman, Columbia UP 2012 Entanglements, or Transmedial Thinking about Capture, Duke UP 2014 Not Like a Native Speaker: On Languaging as a Postcolonial Experience, Columbia UP (Chinese translation, 2024) 2021 A Face Drawn in Sand: Humanistic Inquiry and Foucault in the Present, Columbia UP EDITED COLLECTIONS 1999 Special Issue, differences 11.2 (1999): “Writing in the Realm of the Senses,” ed. with intro. 2000 Modern Chinese Literary and Cultural Studies in the Age of Theory: Reimagining a Field, ed. with intro., Duke UP 2005 Special Issue, Comparative Literature Studies 42.4: “Between Languages,” co-edited with intro., with Réda Bensmaïa 2011 Special Issue, differences 22.2 & 3 (2011): “The Sense of Sound,” co-edited with intro., with James A. Steintrager 2019 Sound Objects, co-edited with intro., with James A. Steintrager, Duke UP Chow’s book Primitive Passions was awarded the James Russell Lowell Prize by the Modern Language Association. She has held research fellowships and grants (from the Pembroke Center at Brown University, the McKnight Foundation, the Guggenheim Foundation, the ACLS, the NEH, and the Radcliffe Institute at Harvard University), distinguished professorships, and distinguished visiting professorships, as well as being invited to deliver keynotes and endowed lectures at institutions around the world. Chow currently serves on the editorial and advisory boards of about sixty academic journals, book series, research centers, and postdoctoral research funding agencies worldwide. She is a coeditor of the longstanding book series Asia Pacific, published by Duke University Press. Chow’s books and articles have been widely excerpted, anthologized, and translated into numerous Asian and European languages. Special issues (of the journals Postcolonial Studies and Social Semiotics) and a monograph, Reading Rey Chow (by Paul Bowman), have been devoted to her work. Chow is an elected fellow of the American Academy of Arts and Sciences. Please contact Professor Chow for most recent CV at rey.chow@duke.edu",1,"Since her years as a doctoral student at Stanford University, she has specialized in studying cultural forms through language, image, and sound (with particular attention to East Asia, Western Europe, and North America) and in the discursive encounters among modernity, postcoloniality, sexuality, and ethnicity. || Her publications include over 120 peer-reviewed articles, book chapters, and substantive interviews, as well as the following books: AUTHORED BOOK PUBLICATIONS 1991 Woman and Chinese Modernity: The Politics of Reading between West and East, U of Minnesota P (Chinese translation, 1995; Japanese translation, 2003) 1993 Writing Diaspora: Tactics of Intervention in Contemporary Cultural Studies, Indiana UP (Japanese translation, 1998; Korean translation, 2005) 1995 Primitive Passions: Visuality, Sexuality, Ethnography, and Contemporary Chinese Cinema, Columbia UP (Japanese translation, 1999; Chinese translation, 2001; Korean translation, 2004) 1995 (In Chinese translation) Xie zai jia guo yi wai, Oxford UP (Hong Kong) 1998 Ethics after Idealism: Theory–Culture–Ethnicity–Reading, Indiana UP (Chinese translation, 2013) 2002 The Protestant Ethnic and the Spirit of Capitalism, Columbia UP 2004 (In Italian translation) Il sogno di Butterfly: costellazioni postcoloniali, Meltemi editore (Rome) 2006 The Age of the World Target: Self-Referentiality in War, Theory, and Comparative Work, Duke UP (Italian translation, 2007; Bulgarian translation, 2010; Chinese translation, 2011; Japanese translation, 2014) 2007 Sentimental Fabulations, Contemporary Chinese Films: Attachment in the Age of Global Visibility, Columbia UP (Chinese translation, 2019) 2010 The Rey Chow Reader, ed. || She has held research fellowships and grants (from the Pembroke Center at Brown University, the McKnight Foundation, the Guggenheim Foundation, the ACLS, the NEH, and the Radcliffe Institute at Harvard University), distinguished professorships, and distinguished visiting professorships, as well as being invited to deliver keynotes and endowed lectures at institutions around the world.",auto_pronoun_needs_audit,1,1986,Stanford University,40,0,0,FALSE,2026-09-28,success,6,0,0,woman,"Since her years as a doctoral student at Stanford University, she has specialized in studying cultural forms through language, image, and sound (with particular attention to East Asia, Western Europe, and North America) and in the discursive encounters among modernity, postcoloniality, sexuality, and ethnicity. || Her publications include over 120 peer-reviewed articles, book chapters, and substantive interviews, as well as the following books: AUTHORED BOOK PUBLICATIONS 1991 Woman and Chinese Modernity: The Politics of Reading between West and East, U of Minnesota P (Chinese translation, 1995; Japanese translation, 2003) 1993 Writing Diaspora: Tactics of Intervention in Contemporary Cultural Studies, Indiana UP (Japanese translation, 1998; Korean translation, 2005) 1995 Primitive Passions: Visuality, Sexuality, Ethnography, and Contemporary Chinese Cinema, Columbia UP (Japanese translation, 1999; Chinese translation, 2001; Korean translation, 2004) 1995 (In Chinese translation) Xie zai jia guo yi wai, Oxford UP (Hong Kong) 1998 Ethics after Idealism: Theory–Culture–Ethnicity–Reading, Indiana UP (Chinese translation, 2013) 2002 The Protestant Ethnic and the Spirit of Capitalism, Columbia UP 2004 (In Italian translation) Il sogno di Butterfly: costellazioni postcoloniali, Meltemi editore (Rome) 2006 The Age of the World Target: Self-Referentiality in War, Theory, and Comparative Work, Duke UP (Italian translation, 2007; Bulgarian translation, 2010; Chinese translation, 2011; Japanese translation, 2014) 2007 Sentimental Fabulations, Contemporary Chinese Films: Attachment in the Age of Global Visibility, Columbia UP (Chinese translation, 2019) 2010 The Rey Chow Reader, ed. || She has held research fellowships and grants (from the Pembroke Center at Brown University, the McKnight Foundation, the Guggenheim Foundation, the ACLS, the NEH, and the Radcliffe Institute at Harvard University), distinguished professorships, and distinguished visiting professorships, as well as being invited to deliver keynotes and endowed lectures at institutions around the world.",Rey,NA,NA,NA,profile_pronouns,NA,NA,1
"Gender, Sexuality & Feminist Studies",rwiegman,https://scholars.duke.edu/person/rwiegman,Robyn Wiegman,"Gender, Sexuality & Feminist Studies",1,45,9,9,0,0.2,5,322,"Robyn Wiegman is Professor of the Programs in Literature and Gender, Sexuality, and Feminist Studies, and former Margaret Taylor Smith director of Women's Studies at Duke University (2001-2007). She earned her Ph.D. in American Literature at the University of Washington in 1988 and has taught at Syracuse University, Indiana University, and the University of California, Irvine. Her publications include two monographs---Object Lessons (2012) and American Anatomies: Theorizing Race and Gender (1995)---and five edited collections---Who Can Speak: Identity and Critical Authority (1995), Feminism Beside Itself (1995), AIDS and the National Body (1997), The Futures of American Studies (2002), and Women's Studies on Its Own (2002). Wiegman's research interests include feminist theory, queer theory, American Studies, critical race theory, and film and media studies. She was co-director of the Dartmouth Summer Institute on American Studies from 1998-2004 and director of Women's Studies at UC-Irvine from 1997-2000. She has two monographs in progress: Racial Sensations, on affect and anti-racist aesthetics, and Arguments Worth Having, on key debates in feminist and queer theory, and has recently curated a special issue on ""autotheory"" for Arizona Quarterly. She has forthcoming essays and interviews in Feminist Studies, Feminist Theory, SAQ, and differences. In 2013 she received the Dean's Award for Excellence in Mentoring from the Graduate School at Duke University. In 2015, she was a Fulbright visiting lecturer in Naples, Italy where she taught ""Love and Sex in American Literature"" at L'Orientale University.",1,"She earned her Ph.D. || Her publications include two monographs---Object Lessons (2012) and American Anatomies: Theorizing Race and Gender (1995)---and five edited collections---Who Can Speak: Identity and Critical Authority (1995), Feminism Beside Itself (1995), AIDS and the National Body (1997), The Futures of American Studies (2002), and Women's Studies on Its Own (2002). || She was co-director of the Dartmouth Summer Institute on American Studies from 1998-2004 and director of Women's Studies at UC-Irvine from 1997-2000.",auto_pronoun_needs_audit,1,1988,University of Washington,38,0,0,FALSE,2026-09-28,success,11,0,0,woman,"She earned her Ph.D. || Her publications include two monographs---Object Lessons (2012) and American Anatomies: Theorizing Race and Gender (1995)---and five edited collections---Who Can Speak: Identity and Critical Authority (1995), Feminism Beside Itself (1995), AIDS and the National Body (1997), The Futures of American Studies (2002), and Women's Studies on Its Own (2002). || She was co-director of the Dartmouth Summer Institute on American Studies from 1998-2004 and director of Women's Studies at UC-Irvine from 1997-2000.",Robyn,NA,NA,NA,profile_pronouns,NA,NA,1
"Gender, Sexuality & Feminist Studies",stefani.engelstein,https://scholars.duke.edu/person/stefani.engelstein,Stefani Engelstein,"Gender, Sexuality & Feminist Studies",1,45,9,9,0,0.2,5,322,"Stefani Engelstein is a Professor of German Studies with a secondary appointment in Gender, Sexuality & Feminist Studies at Duke. She is a recipient of the Guggenheim Fellowship, and has received fellowships from the National Endowment for the Humanities, the Alexander von Humboldt Foundation, and the Fulbright Foundation. Her work addresses literature and science, gender, aesthetics, political theory, critical race theory, history of knowledge, and perspectives on nature from 1770 to the present, particularly in the period of Age of Goethe / Romanticism. Engelstein has published two monographs: Sibling Action: The Genealogical Structure of Modernity (Columbia University Press, 2017) and Anxious Anatomy: The Conception of the Human Form in Literary and Naturalist Discourse (SUNY, 2008). She also co-edited the anthology Contemplating Violence: Critical Studies in Modern German Culture (Rodopi 2011). Authors to whom she returns include Goethe, Lessing, Kleist, Blake, Mary Shelley, Hoffmann, Kant, Schelling, Darwin, George Eliot, Wagner, and Kafka. The first of Engelstein's current projects, Remembering Isn't Enough: Reflections from Germany on the Futures of Violent Pasts, explores the blind spots of German memory culture, which has been internationally so admired. This book analyzes how the particular memory strategies Germany has engaged in, and the ones they have rejected, define the present. Both foreign policy - towards Israel and towards the Ukraine, for example - and domestic politics, including the rise of the far right, are entangled with the specificity of these attempts to come to terms with the past. Remembering Isn't Enough integrates reflections on Engelstein's own experiences and background with this analysis and points to the significance of negative as well as positive lessons that would be helpful for other countries with violent pasts. Engelstein's second current book project, The Making of Oppositional Sexes, analyzes German literature, the history of science, and philosophy around 1800 to trace the impact of a shift from anatomical to physiological understandings of life on concepts of sexual difference. The emergent paradigm of dynamically oppositional sexes also underlay new formulations of the relationship of the human to the social and the natural world, becoming essential to significant biological, epistemological, ethical, and ontological debates at the time. The book will conclude with the afterlife of oppositional complementarity in cultural and legal debates in the United States today. Engelstein’s most recent book, Sibling Action: The Genealogical Structure of Modernity (Columbia University Press, 2017), which appeared in German as Geschwister-Logik. Genealogisches Denken in der Literatur und den Wissenschaften der Moderne (De Gruyter 2024), investigated the genealogical sciences in the long nineteenth century. Genealogies were developed to organize many historical systems and in the process transformed contemporary terms in such systems – whether languages, races, nations, species, or subjects – into siblings of varying degrees. As a link between epistemology and affect, the sibling is a key to both knowledge-systems and identity politics that destabilizes genealogies from within. Engelstein’s first book, Anxious Anatomy: The Conception of the Human Form in Literary and Naturalist Discourse (SUNY, 2008), explored theories of reproduction and healing at the turn of the nineteenth century. It traced the concept of teleology at the root of the new discipline of biology to reveal its transformation from an explanatory principle in new epigenetic theories of inheritance to a rationalization for legitimating ideologies through the body. Engelstein also co-edited the anthology, Contemplating Violence: Critical Studies in Modern German Culture (Rodopi 2011) and her work has appeared in such journals as Critical Inquiry, the PMLA, the German Studies Review, the Goethe Yearbook, and Philosophy Today.",1,"She is a recipient of the Guggenheim Fellowship, and has received fellowships from the National Endowment for the Humanities, the Alexander von Humboldt Foundation, and the Fulbright Foundation. || Her work addresses literature and science, gender, aesthetics, political theory, critical race theory, history of knowledge, and perspectives on nature from 1770 to the present, particularly in the period of Age of Goethe / Romanticism. || She also co-edited the anthology Contemplating Violence: Critical Studies in Modern German Culture (Rodopi 2011).",auto_pronoun_needs_audit,1,2001,The University of Chicago,25,0,0,FALSE,2026-09-28,success,6,0,1,woman,"She is a recipient of the Guggenheim Fellowship, and has received fellowships from the National Endowment for the Humanities, the Alexander von Humboldt Foundation, and the Fulbright Foundation. || Her work addresses literature and science, gender, aesthetics, political theory, critical race theory, history of knowledge, and perspectives on nature from 1770 to the present, particularly in the period of Age of Goethe / Romanticism. || She also co-edited the anthology Contemplating Violence: Critical Studies in Modern German Culture (Rodopi 2011).",Stefani,NA,NA,NA,profile_pronouns,NA,NA,1
"Gender, Sexuality & Feminist Studies",Yun_Emily.Wang,https://scholars.duke.edu/person/Yun_Emily.Wang,Yun Emily Wang,"Gender, Sexuality & Feminist Studies | Music",2,45,9,9,0,0.2,5,322,"Yun Emily Wang is an ethnographer of sound and music. Working at the nexus of sound studies, Asian American/Canadian and diaspora studies, and intersectional queer and feminist thought, Emily is broadly interested in how the politics of difference orient people’s experience of sound. Emily’s current book project is an ethnography of everyday sounding and listening practices among Chinese-speaking immigrants living and feeling the cunning of Canadian multiculturalism. With case studies on queer diaspora, geriatric care facilities, and the gendered geography of intimacy, this book ultimately argues for the political potential of “mishearing” in minoritarian life. They are additionally working on two projects related to silence and quietude, and sonic registers of appetite and desire. Emily plays the erhu, but only with a critical distance. She also experiments with a viola plugged into looping pedals.",1,"They are additionally working on two projects related to silence and quietude, and sonic registers of appetite and desire. || She also experiments with a viola plugged into looping pedals. || Both women's daily lives were suffused with the absences of their husbands (remain ...",auto_pronoun_needs_audit,1,2018,University of Toronto (Canada),8,0,0,FALSE,2026-09-28,success,1,0,2,woman,"They are additionally working on two projects related to silence and quietude, and sonic registers of appetite and desire. || She also experiments with a viola plugged into looping pedals. || Both women's daily lives were suffused with the absences of their husbands (remain ...",Yun,NA,NA,NA,profile_pronouns,NA,NA,1
History,alex.roland,https://scholars.duke.edu/person/alex.roland,Alex Roland,History,1,53,10.6,11,0.6000000000000014,0.20754716981132076,4.818181818181818,322,"I study military history and the history of technology. My focus has ranged over all of Western experience, and I have recently converted my undergraduate course in military history to a comparative world military history course. I have written about chariots in the second millennium B.C., Greek fire in medieval Byzantium, and computers and aerospace technology in the twentieth century. While I study the history of technology in general, I also focus on the ways in which technology has shaped war and war has altered technology.",0,NA,auto_pronoun_needs_audit,1,1974,Duke University,52,1,0,FALSE,2026-09-28,success,0,0,0,man,NA,Alex,NA,NA,NA,first_name_ssa_95pct,NA,NA,0
History,Calvin.Cheung-Miaw,https://scholars.duke.edu/person/Calvin.Cheung-Miaw,Calvin Ryan Cheung-Miaw,History,1,53,10.6,11,0.6000000000000014,0.20754716981132076,4.818181818181818,322,"I'm an historian of race who works at the intersection of intellectual history and social movement history. My current book project, Asian Americans and the Color-Line, uses the history of Asian American Studies to explore the rise and fall of Third Worldism within the United States. I'm also at work on a project on radical Asian American activism. A piece of this project, on transnational political murders, has been published as an article in Pacific Historical Review.",0,NA,auto_pronoun_needs_audit,1,2021,Stanford University,5,0,0,FALSE,2026-09-28,success,0,0,0,man,NA,Calvin,NA,NA,NA,first_name_ssa_95pct,NA,NA,0
History,dirk.philipsen,https://scholars.duke.edu/person/dirk.philipsen,Dirk Philipsen,History,1,53,10.6,11,0.6000000000000014,0.20754716981132076,4.818181818181818,322,"Dirk Philipsen is an economic historian and political economist at the Sanford School of Public Policy and the Department of History. He also serves as Senior Fellow at the Kenan Institute for Ethics, and director of both the Regenerative Futures Lab and the Build a Better World Focus program at Duke University. His work and teaching is focused on underlying structural requirements for wellbeing of people and planet. His research includes economic metrics, the history of capitalism, the role of private property, and the promises of a revitalized commons. Raised in Germany and educated in both Germany and the United States, he received a BA in economics (College for Economics, Berlin, 1982), an MA in American Studies (John F. Kennedy Institute, Free University Berlin, 1987), and a Ph.D in American Social and Economic History (Duke University, 1992). He has taught at Duke University, Virginia Commonwealth University, and Virginia State University. For ten years, he served as Director of the Institute for the Study of Race Relations at Virginia State University, which he founded in 1997. Dirk Philipsen has received fellowships from the National Endowment for the Humanities, the Andrew Mellon Foundation, the Franklin Humanities Center at Duke, and the Virginia Foundation for the Humanities. He has published on the history of modern capitalism, economic growth, the commons, movements for social and economic justice, as well as race and race relations. His first book, We Were the People, chronicles the collapse of communism in East Germany and was published by Duke University Press. Recently, he served as editor and contributor to a volume on Green Business, published by SAGE. His latest work is published by Princeton University Press under the title The Little Big Number – How GDP Came to Rule the World, And What to Do About It (Spring 2015.)",0,"He also serves as Senior Fellow at the Kenan Institute for Ethics, and director of both the Regenerative Futures Lab and the Build a Better World Focus program at Duke University. || His work and teaching is focused on underlying structural requirements for wellbeing of people and planet. || His research includes economic metrics, the history of capitalism, the role of private property, and the promises of a revitalized commons.",auto_pronoun_needs_audit,1,1992,Duke University,34,1,0,FALSE,2026-09-28,success,0,11,0,man,"He also serves as Senior Fellow at the Kenan Institute for Ethics, and director of both the Regenerative Futures Lab and the Build a Better World Focus program at Duke University. || His work and teaching is focused on underlying structural requirements for wellbeing of people and planet. || His research includes economic metrics, the history of capitalism, the role of private property, and the promises of a revitalized commons.",Dirk,NA,NA,NA,profile_pronouns,NA,NA,0
History,Evan.Hepler-Smith,https://scholars.duke.edu/person/Evan.Hepler-Smith,Evan Hepler-Smith,History,1,53,10.6,11,0.6000000000000014,0.20754716981132076,4.818181818181818,322,"Evan Hepler-Smith is Assistant Professor of History at Duke University. Evan is a historian of modern science and technology, specializing in the global history of chemistry, computing and information technology, and environmental health. Evan's book in progress, Compound Words: Chemists, Information, and the Synthetic World, is a transnational history of ideas, infrastructures, and politics behind the molecule-by-molecule conception of what chemicals are, the foundation of present-day chemical innovation, manufacturing, and regulation. The ontology of chemicals-as-molecules arose not just from timeless properties of material substances, but also the contingent structure of information technologies. This way of determining what counts as a chemical (a patentable drug, an environmental hazard) was developed by European chemists in the late nineteenth century, and subsequently adopted and adapted around the world, to mobilize chemical information for the benefit of ideologies, nations, and corporations. Born of capitalist imperatives, organized in print, and entrenched within computer databases, molecules became a taken-for-granted foundation of twentieth-century science, technology, and biomedicine. Evan is concurrently pursuing two new projects. ""Remapping Chemicals"" traces life cycles of chemical substances through modes of production, cultures of use, geographies of toxic exposure, and politics of environmental justice. Through comparative histories of such substances as cinchona, indigo, DDT, and per- and polyfluorinated alkyl substances (PFAS), this project aims to shed light on chemical hazards in terms of infrastructures of manufacturing, consumption, information, mobility, and labor. It also aims to draw attention to alternatives (past and present) to these persistent games of ""chemical whack-a-mole."" Evan's other new project, ""How Molecules Became Digital (And Everything Became Molecules)"" explores how the rise of scientific computing has been intertwined with a shift toward molecular approaches across a wide swath of science, technology, medicine, and governance--from predictive toxicology to expert systems AI to social network analysis. By bringing chemical databases from the “back end” into the foreground, this project will show how molecularization and computerization reinforced each other and shaped science and society since the mid-twentieth century. For more information, please see https://evanheplersmith.com",0,NA,auto_pronoun_needs_audit,1,2016,Princeton University,10,0,0,FALSE,2026-09-28,success,0,0,0,man,NA,Evan,NA,NA,NA,first_name_ssa_95pct,NA,NA,0
History,james.chappel,https://scholars.duke.edu/person/james.chappel,James Gregory Chappel,History,1,53,10.6,11,0.6000000000000014,0.20754716981132076,4.818181818181818,322,"James Chappel is the Gilhuly Family Associate Professor of History at Duke University. He works on the intellectual history of modern Europe and the United States, focusing on themes of religion, gender, and the family. He has published two books and published widely in both scholarly and non-scholarly sites (The New York Times, The Nation, and more). At Duke, he is committed above all to History undergraduates, especially majors, and to the pursuit of prison engagement opportunities. He is currently co-chair of the Prison Engagement Initiative at the Kenan Institute for Ethics, and founded the Duke-in-Prison lecture series. His most recent book is called Golden Years: How Americans Invented and Reinvented Old Age (Basic Books, 2024). It is a history of aging, health, and disability in the USA from 1920 to the present. It appeared in November 2024 and has been widely reviewed in outlets like The New Yorker and the Los Angeles Times. His first book, Catholic Modern (Harvard, 2018), asks about the transformation of the Catholic Church in 20th century Europe. How did Catholics, long affiliated with monarchism and anti-Semitism, come to accept liberal democracy and capitalism? How, in a word, did Europe's Catholics become modern? The book argues that the major transformation took place in the 1930s and 40s. In those crucial years of violence and war, Catholics decided to stop trying to conquer society as a whole, and start trying to salvage ""the family"" as the source of moral authority and political order. The book thus explains how and why Catholics became buttresses of the postwar democratic order, and also explains the new centrality of gender and family ethics to Catholic life, thought, and policymaking. His current research project concerns C.S. Lewis and the Second World War. This brings together previous interests in religion, war, and family. For more information, visit his personal website.",0,"He works on the intellectual history of modern Europe and the United States, focusing on themes of religion, gender, and the family. || He has published two books and published widely in both scholarly and non-scholarly sites (The New York Times, The Nation, and more). || At Duke, he is committed above all to History undergraduates, especially majors, and to the pursuit of prison engagement opportunities.",auto_pronoun_needs_audit,1,2012,Columbia University,14,0,1,FALSE,2026-09-28,success,0,8,0,man,"He works on the intellectual history of modern Europe and the United States, focusing on themes of religion, gender, and the family. || He has published two books and published widely in both scholarly and non-scholarly sites (The New York Times, The Nation, and more). || At Duke, he is committed above all to History undergraduates, especially majors, and to the pursuit of prison engagement opportunities.",James,NA,NA,NA,profile_pronouns,NA,NA,0
History,jehangir.malegam,https://scholars.duke.edu/person/jehangir.malegam,Jehangir Malegam,History,1,53,10.6,11,0.6000000000000014,0.20754716981132076,4.818181818181818,322,"I am a historian of religion and culture in Medieval Europe. I have previously written on Christian understandings of violence and approaches to peacemaking in Medieval western Europe. I have also written on the history of emotions, the history of papal reform and more recently, on the history of cities in northwest Europe At this time, I am not accepting new doctoral advisees.",NA,NA,manual_review_required,1,2006,Stanford University,20,0,0,FALSE,2026-09-28,success,0,0,0,unknown,NA,Jehangir,NA,NA,NA,manual_review,NA,0,0
History,joshua.sosin,https://scholars.duke.edu/person/joshua.sosin,Joshua D. Sosin,History,1,53,10.6,11,0.6000000000000014,0.20754716981132076,4.818181818181818,322,"Pronouns: he/him. One of the things that I like best about Classics is the wide range of intellectual opportunities it offers. As an undergraduate I was interested in early Christianity and Latin love elegy, which are about as far from my current work as you can get! But our discipline is built for roaming and many of its earliest practitioners would not fit neatly into the boxes that we use today. The 'traditional' part of my work lies at what I like to call the intersection of law, economics, and religion. Under that broad rubric I have written on currency standards and exchange, ancient charitable foundations, funding of eponymous festivals, grain supply, land leasing, taxation and tax shelter, diplomacy, and other subjects. I have long tended to pursue these subjects with a special focus on their representation in documentary sources (inscriptions, papyri, and coins). But lately, I've grown increasingly interested in Athenian law and so not only in the orators but also in the lexicographic, encyclopedic, and scholiastic traditions that preserve such a wealth of information on the subject (see Harpokration On Line). I have been especially drawn to what the law has to say about personal status (citizens, enslaved people, freedpersons, metics, non-citizens). I am also part of the Duke Collaboratory for Classics Computing (DC3), which is embedded in the Libraries. We developed and maintain papyri.info. We are working on a variety of projects to do with crowd-curation of papyrological and epigraphic texts (text, translation, metadata, commentary, bibliography, and images), geo-spatial data, prosopographical information, medieval manuscript witnesses and apparatus criticus data, image recognition and text-image alignment, and more. When I am not on the clock I am often on my bike (er, bikes), on pavement, on dirt, around town, in the middle of nowhere, for a few minutes, for a few days (punk still in the earbuds [first 6 sec.]; for ramblings on how punk, cycling, and classics are somehow the same experience for me listen to Mirror of Antiquity ep.5). Maybe it's that same freedom to roam that draws me.",0,"Overview Pronouns: he/him. || I have long tended to pursue these subjects with a special focus on their representation in documentary sources (inscriptions, papyri, and coins).",auto_pronoun_needs_audit,1,2000,Duke University,26,1,0,FALSE,2026-09-28,success,0,2,1,man,"Overview Pronouns: he/him. || I have long tended to pursue these subjects with a special focus on their representation in documentary sources (inscriptions, papyri, and coins).",Joshua,NA,NA,NA,profile_pronouns,NA,NA,0
History,kneusche,https://scholars.duke.edu/person/kneusche,Kristen Neuschel,History,1,53,10.6,11,0.6000000000000014,0.20754716981132076,4.818181818181818,322,"Dr. Neuschel concentrates on late medieval and early modern France and Europe. Her current research focuses on war and culture in northern Europe between 1400 and 1600. She teaches courses in the history of war, of gender relations and surveys of the history of medieval and early modern Europe.",1,"Her current research focuses on war and culture in northern Europe between 1400 and 1600. || She teaches courses in the history of war, of gender relations and surveys of the history of medieval and early modern Europe. || Neuschel and Ann Marie Rasmussen bring expert advice from their extensive experience as writers, researchers, and teachers, making this ...",auto_pronoun_needs_audit,1,1982,Brown University,44,0,0,FALSE,2026-09-28,success,2,0,3,woman,"Her current research focuses on war and culture in northern Europe between 1400 and 1600. || She teaches courses in the history of war, of gender relations and surveys of the history of medieval and early modern Europe. || Neuschel and Ann Marie Rasmussen bring expert advice from their extensive experience as writers, researchers, and teachers, making this ...",Kristen,NA,NA,NA,profile_pronouns,NA,NA,1
History,tboat,https://scholars.duke.edu/person/tboat,Mary T. Boatwright,History,1,53,10.6,11,0.6000000000000014,0.20754716981132076,4.818181818181818,322,"Pronouns: She/her I am interested in Roman history, especially the social and political history of the Empire; Roman women (focusing on imperial women); topography of Rome and Roman urbanism more generally; Rome's northern frontiers; and Latin historiography.",NA,"Overview Pronouns: She/her I am interested in Roman history, especially the social and political history of the Empire; Roman women (focusing on imperial women); topography of Rome and Roman urbanism more generally; Rome's northern frontiers; and Latin historiography. || Agrippina was declared “unique” by Tacitus, ancient Rome’s most insightful political historian, both for her own political stan ... || Full text Cite Julio-Claudian Women, War, and the Military Book section · November 26, 2025 Full text Cite HADRIAN IN SYRIA AND THE EAST Book section · January 1, 2025 The chapter discusses Hadrian’s interactions with Syria and the East, from his military service in the mid-90s through the Tax Law of Palmyra of 137.",manual_review_required,1,1980,"University of Michigan, Ann Arbor",46,0,0,FALSE,2026-09-28,success,3,2,0,review_conflict,"Overview Pronouns: She/her I am interested in Roman history, especially the social and political history of the Empire; Roman women (focusing on imperial women); topography of Rome and Roman urbanism more generally; Rome's northern frontiers; and Latin historiography. || Agrippina was declared “unique” by Tacitus, ancient Rome’s most insightful political historian, both for her own political stan ... || Full text Cite Julio-Claudian Women, War, and the Military Book section · November 26, 2025 Full text Cite HADRIAN IN SYRIA AND THE EAST Book section · January 1, 2025 The chapter discusses Hadrian’s interactions with Syria and the East, from his military service in the mid-90s through the Tax Law of Palmyra of 137.",Mary,NA,NA,NA,manual_review,NA,1,1
History,pwood,https://scholars.duke.edu/person/pwood,Peter H. Wood,History,1,53,10.6,11,0.6000000000000014,0.20754716981132076,4.818181818181818,322,"I have always been interested in early American history and in the interactions of diverse cultures. My undergraduate honors paper at Harvard in 1964 dealt with the Puritans' relations with the Indians, and my doctoral thesis there focused on African Americans in South Carolina before 1740. Since coming to Duke in 1975, I have taught Colonial American History and Native American History, as well as a course on the History of Documentary Film. Long term interests in race relations and in American painting led me to collaborate with art historian Karen Dalton in 1988 on an exhibition and a related book concerning Winslow Homer's images of Blacks. Time spent as the department's Director of Graduate Studies (1988-95) and as one of the professors in the U.S. Survey class (History 91D) has made me increasingly interested in the ways we learn and teach American history. Perhaps for this reason, I have always been actively involved as a humanities advisor on diverse public history projects and as a board member with a variety of grassroots organizations and mainstream institutions. I am a lead author for the US survey textbook, Created Equal, which is now in its second edition.",0,NA,auto_pronoun_needs_audit,1,1972,Harvard University,54,0,0,FALSE,2026-09-28,success,0,0,0,man,NA,Peter,NA,NA,NA,first_name_ssa_95pct,NA,NA,0
History,spartner,https://scholars.duke.edu/person/spartner,Simon Partner,History,1,53,10.6,11,0.6000000000000014,0.20754716981132076,4.818181818181818,322,Late 19th and 20th-century Japanese history Focusing on: growth of consumer markets; technology and social change; Japanese rural society,0,NA,auto_pronoun_needs_audit,1,1997,Columbia University,29,0,0,FALSE,2026-09-28,success,0,0,0,man,NA,Simon,NA,NA,NA,first_name_ssa_95pct,NA,NA,0
Mathematics,aric.wheeler,https://scholars.duke.edu/person/aric.wheeler,Aric A Wheeler,Mathematics,1,90,18,18,0,0.2,5,322,NA,0,NA,auto_pronoun_needs_audit,1,2023,Indiana University at Bloomington,3,0,0,FALSE,2026-09-28,success,0,0,0,man,NA,Aric,NA,NA,NA,first_name_ssa_95pct,NA,NA,0
Mathematics,cbray,https://scholars.duke.edu/person/cbray,Clark Bray,Mathematics,1,90,18,18,0,0.2,5,322,"I am interested in: 1. the execution and continual refinement of my teaching methods, in terms of both the mathematical choices and the style of presentation; 2. the continual evaluation of course content and materials with an eye for the intellectual objectives of the Department of Mathematics, the ever-changing demands to be faced by the students after completion of the course, and the overall satisfaction of the students; 3. the execution and continual refinement of the administration of the undergraduate pro- gram of the Department of Mathematics, appropriate to my position as the Supervisor of First-Year Instruction.",0,NA,auto_pronoun_needs_audit,1,1999,Stanford University,27,0,0,FALSE,2026-09-28,success,0,0,0,man,NA,Clark,NA,NA,NA,first_name_ssa_95pct,NA,NA,0
Mathematics,David.Ye,https://scholars.duke.edu/person/David.Ye,David Yungang Ye,Mathematics | Statistical Science,2,90,18,18,0,0.2,5,322,"Academic Background Academic Background 2022 - Current: Associate Research Professor of MIDS and Math at Duke 1991-1996: Held postdoctoral and assistant professorship positions at Texas A&M University, Purdue University, SUNY-Stony Brook, and University of Texas 1986-1990: James B. Duke Fellow, Duke University 1991 - PhD in Math, Duke University 1985 - BS in Math, Fudan University, Shanghai, China Industry Experiences 2021-2022: Chief Risk Officer of Options Clearing Corporation 2018-2020: Chief Risk Officer of Guardian Life Insurance Co. 2010-2017: Chief Risk Officer of Global Markets, State Street Co. 2005-2010: Chief Risk Officer of Americas, Nomura Holding Inc. 1996-2004: SVP, Treasury and Market Risk, PNC Financial Services Inc. David is currently a faculty member of Data Science and Math Department at Duke University. His teaching and research interests have been focusing on the applications of Data Science and other analytical methods to Finance business and risk management. He is the lead faculty for Quantitative Finance Concentration. In that capacity, he actively cultivates partnerships between Duke University and the Finance industry to enhance the educational experiences and career paths for Math, MIDS and other Duke students. He has created and is teaching two quantitative finance courses. Math 585 – Algorithmic Trading, Financial Data and Modeling Math/IDS 789 – Fundamental of Finance Business Model Previously, David had over 25+ years of industry experience in Financial Services in the US. He had worked for a wide range of financial firms including commercial bank, investment bank, custodian/trust bank, insurance company and central clearing corporation. David has deep experiences in building and leading risk management organizations as the Chief Risk Offices for a few global companies including Nomura Americas and State Street Global Markets. In those capacities, he was responsible for all aspects of risk management strategies and executions. He also has extensive experience in working with CEO, board of directors as well as global regulators.",0,"His teaching and research interests have been focusing on the applications of Data Science and other analytical methods to Finance business and risk management. || He is the lead faculty for Quantitative Finance Concentration. || In that capacity, he actively cultivates partnerships between Duke University and the Finance industry to enhance the educational experiences and career paths for Math, MIDS and other Duke students.",auto_pronoun_needs_audit,1,1991,Duke University,35,1,0,FALSE,2026-09-28,success,0,7,0,man,"His teaching and research interests have been focusing on the applications of Data Science and other analytical methods to Finance business and risk management. || He is the lead faculty for Quantitative Finance Concentration. || In that capacity, he actively cultivates partnerships between Duke University and the Finance industry to enhance the educational experiences and career paths for Math, MIDS and other Duke students.",David,NA,NA,NA,profile_pronouns,NA,NA,0
Mathematics,ezra.miller,https://scholars.duke.edu/person/ezra.miller,Ezra Miller CV,Mathematics | Statistical Science,2,90,18,18,0,0.2,5,322,"Professor Miller's research centers around problems in geometry, algebra, topology, probability, statistics, and computation originating in mathematics and the sciences, including biology, chemistry, computer science, and imaging. The techniques range, for example, from abstract algebraic geometry or commutative algebra of ideals and varieties to concrete metric or discrete geometry of polyhedral spaces; from deep topological constructions such as equivariant K-theory and stratified Morse theory to elementary simplicial and persistent homology; from functorial perspectives on homological algebra in the derived category to specific constructions of complexes based on combinatorics of cell decompositions; from geodesic collapse applied to central limit theorems for samples from stratified spaces to dynamics of explicit polynomial vector fields on polyhedra. Beyond motivations from within mathematics, the sources of these problems lie in, for example, graphs and trees in evolutionary biology and medical imaging; mass-action kinetics of chemical reactions; computational geometry, symbolic computation, and combinatorial game theory; Lie theory; and geometric statistics of data sampled from highly non-Euclidean spaces. Examples of datasets under consideration include MRI images of blood vessels in human brains and lungs, 3D folded protein structures, and photographs of fruit fly wings for developmental morphological studies.",0,NA,auto_pronoun_needs_audit,1,2000,"University of California, Berkeley",26,0,1,FALSE,2026-09-28,success,0,0,0,man,NA,Ezra,NA,NA,NA,first_name_ssa_95pct,NA,NA,0
Mathematics,henry.pfister,https://scholars.duke.edu/person/henry.pfister,Henry Pfister,Mathematics,1,90,18,18,0,0.2,5,322,"Henry D. Pfister received his Ph.D. in Electrical Engineering in 2003 from the University of California, San Diego and is currently the Addy Family Professor of Electrical and Computer Engineering at Duke University with a secondary appointment in Mathematics. Prior to joining Duke, he was an associate professor at Texas A&M University (2006-2014), a post-doctoral fellow at the École Polytechnique Fédérale de Lausanne (2005-2006), and a senior engineer at Qualcomm Corporate R&D in San Diego (2003-2004). His current research interests include information theory, error-correcting codes, quantum computing, and machine learning. He received the NSF Career Award in 2008 and a Texas A&M ECE Department Outstanding Professor Award in 2010. He is a coauthor of the 2007 IEEE COMSOC best paper in Signal Processing and Coding for Data Storage, a coauthor of a 2016 Symposium on the Theory of Computing (STOC) best paper, and a corecipient of the Information Theory Society Paper Award in both 2021 and 2025. He has served the IEEE Information Theory Society as a member of the Board of Governors (2019-2023), an Associate Editor for the IEEE Transactions on Information Theory (2013-2016), and a Distinguished Lecturer (2015-2016). He was the General Chair of the 2016 North American School of Information Theory and a Technical Program Committee Co-Chair of the 2021 International Symposium on Information Theory.",0,"Pfister received his Ph.D. || Prior to joining Duke, he was an associate professor at Texas A&M University (2006-2014), a post-doctoral fellow at the École Polytechnique Fédérale de Lausanne (2005-2006), and a senior engineer at Qualcomm Corporate R&D in San Diego (2003-2004). || His current research interests include information theory, error-correcting codes, quantum computing, and machine learning.",auto_pronoun_needs_audit,1,2003,"University of California, San Diego",23,0,1,FALSE,2026-09-28,success,0,7,0,man,"Pfister received his Ph.D. || Prior to joining Duke, he was an associate professor at Texas A&M University (2006-2014), a post-doctoral fellow at the École Polytechnique Fédérale de Lausanne (2005-2006), and a senior engineer at Qualcomm Corporate R&D in San Diego (2003-2004). || His current research interests include information theory, error-correcting codes, quantum computing, and machine learning.",Henry,NA,NA,NA,profile_pronouns,NA,NA,0
Mathematics,Hongkai.Zhao,https://scholars.duke.edu/person/Hongkai.Zhao,Hongkai Zhao,Mathematics,1,90,18,18,0,0.2,5,322,NA,NA,NA,manual_review_required,1,1996,"University of California, Los Angeles",30,0,1,FALSE,2026-09-28,success,0,0,0,unknown,NA,Hongkai,NA,NA,NA,manual_review,NA,0,0
Mathematics,ingrid.daubechies,https://scholars.duke.edu/person/ingrid.daubechies,Ingrid Daubechies,Mathematics,1,90,18,18,0,0.2,5,322,NA,1,"Duke Distinguished Professor Emeritus of Mathematics · 2024 - Present Mathematics, Trinity College of Arts & Sciences Professor Emeritus in the Department of Mathematics · 2024 - Present Mathematics, Trinity College of Arts & Sciences Recent News Items Published January 3, 2025 Ingrid Daubechies Awarded National Medal of Science Published February 9, 2024 Women Scientists on Equality in Their Field: Daubechies Lecture Published March 13, 2023 Celebrating Pi Day with Duke Mathematicians View All News Items Recent Scholarly Works Quantification of molar sub-regions suggests increasing herbivory during primate origins. || Although computational techniques for registration have become more accessible, challenges remain that hinder their widespread use i ... || However, they for still awaiting scientific validation.",auto_pronoun_needs_audit,1,1980,Vrije Universiteit Brussel (Belgium),46,0,1,FALSE,2026-09-28,success,0,0,3,woman,"Duke Distinguished Professor Emeritus of Mathematics · 2024 - Present Mathematics, Trinity College of Arts & Sciences Professor Emeritus in the Department of Mathematics · 2024 - Present Mathematics, Trinity College of Arts & Sciences Recent News Items Published January 3, 2025 Ingrid Daubechies Awarded National Medal of Science Published February 9, 2024 Women Scientists on Equality in Their Field: Daubechies Lecture Published March 13, 2023 Celebrating Pi Day with Duke Mathematicians View All News Items Recent Scholarly Works Quantification of molar sub-regions suggests increasing herbivory during primate origins. || Although computational techniques for registration have become more accessible, challenges remain that hinder their widespread use i ... || However, they for still awaiting scientific validation.",Ingrid,NA,NA,NA,first_name_ssa_95pct,NA,NA,1
Mathematics,tomberg,https://scholars.duke.edu/person/tomberg,James B Tomberg,Mathematics,1,90,18,18,0,0.2,5,322,NA,0,NA,auto_pronoun_needs_audit,0,NA,NA,NA,NA,0,FALSE,2026-09-28,success,0,0,0,man,NA,James,NA,NA,NA,first_name_ssa_95pct,NA,NA,0
Mathematics,saper,https://scholars.duke.edu/person/saper,Leslie Saper,Mathematics,1,90,18,18,0,0.2,5,322,"A central theme in mathematics has been the interplay between topology and analysis. One subject here is the representation of topological invariants (such as cohomology) by analytic means (such as harmonic forms). For compact manifolds this is the well-known Hodge-deRham theory. Professor Saper studies generalizations of these ideas to singular spaces, in particular complex algebraic varieties. In these cases, an appropriate replacement for ordinary cohomology is Goresky and MacPherson's intersection cohomology, while on the analytic side it is natural to impose L²-growth conditions. When one deals with varieties defined by polynomials with coefficients in the rationals, or more generally some finite extension, this theory takes on number theoretic significance. Important examples of such varieties are the locally symmetric varieties. One may reduce the defining equations modulo a prime and count the number of resulting solutions; all this data is wrapped up into a complex analytic function, the Hasse-Weil zeta function. This should be viewed as an object on the topological side of the above picture. On the analytic side, Langlands has associated L-functions to certain automorphic representations. The issue of whether one may express the Hasse-Weil zeta function in terms of automorphic L-functions, and the relation of special values of these functions to number theory, are important fundamental problems which are motivating Professor Saper's research.",0,This is part of a project to use perverse sheaves on the topological reductive Borel-Serre compactification of a He ...,auto_pronoun_needs_audit,1,1984,Princeton University,42,0,1,FALSE,2026-09-28,success,0,1,0,man,This is part of a project to use perverse sheaves on the topological reductive Borel-Serre compactification of a He ...,Leslie,NA,NA,NA,profile_pronouns,NA,NA,0
Mathematics,marcus.werner,https://scholars.duke.edu/person/marcus.werner,Marcus Christian Werner,Mathematics,1,90,18,18,0,0.2,5,322,NA,0,NA,auto_pronoun_needs_audit,1,2009,University of Cambridge (United Kingdom),17,0,0,FALSE,2026-09-28,success,0,0,0,man,NA,Marcus,NA,NA,NA,first_name_ssa_95pct,NA,NA,0
Mathematics,stern,https://scholars.duke.edu/person/stern,Mark A. Stern,Mathematics,1,90,18,18,0,0.2,5,322,"The focus of Professor Stern's research is the study of analytic problems arising in geometry and physics. In recent and ongoing work, Professor Stern has studied analytical, geometric, and topological questions arising in Yang-Mills theory. These include analyzing the moduli space of Yang Mills instantons on gravitational instantons, analyzing the asymptotic structure of instantons (proving a nonlinear analog of the inverse square law of electromagnetism), and analyzing the structure of singularities of instantons and of harmonic maps. In addition, Professor Stern has recently studied questions arising in the interplay between geometric group theory and Lp and L2 cohomology. This work includes finding new bounds on L2 betti numbers of negatively curved manifolds, and new growth, stability, and vanishing results for Lp and L2 cohomology of symmetric and locally symmetric spaces.",0,NA,auto_pronoun_needs_audit,1,1984,Princeton University,42,0,1,FALSE,2026-09-28,success,0,0,0,man,NA,Mark,NA,NA,NA,first_name_ssa_95pct,NA,NA,0
Mathematics,nazim.khelifa,https://scholars.duke.edu/person/nazim.khelifa,Nazim Khelifa,Mathematics,1,90,18,18,0,0.2,5,322,NA,0,NA,auto_pronoun_needs_audit,1,2026,Université Paris-Saclay (France),0,0,0,FALSE,2026-09-28,success,0,0,0,man,NA,Nazim,NA,NA,NA,first_name_ssa_95pct,NA,NA,0
Mathematics,nicholas.cook,https://scholars.duke.edu/person/nicholas.cook,Nicholas A Cook,Mathematics,1,90,18,18,0,0.2,5,322,NA,0,NA,auto_pronoun_needs_audit,1,2016,"University of California, Los Angeles",10,0,1,FALSE,2026-09-28,success,0,0,0,man,NA,Nicholas,NA,NA,NA,first_name_ssa_95pct,NA,NA,0
Mathematics,omar.melikechi,https://scholars.duke.edu/person/omar.melikechi,Omar Melikechi,Mathematics | Statistical Science,2,90,18,18,0,0.2,5,322,NA,0,NA,auto_pronoun_needs_audit,1,2022,Duke University,4,1,0,FALSE,2026-09-28,success,0,0,0,man,NA,Omar,NA,NA,NA,first_name_ssa_95pct,NA,NA,0
Mathematics,das,https://scholars.duke.edu/person/das,David A. Smith,Mathematics,1,90,18,18,0,0.2,5,322,"Professor Smith is Co-Director (with Professor Lawrence Moore) of Project CALC, which developed an award-winning curriculum for calculus instruction, based on laboratory experiments, discovery learning, real-world applications, writing and revision of writing, and high expectations of students. Professors Smith and Moore also direct the Connected Curriculum Project, funded by the National Science Foundation. This project has developed a library of Web-based interactive learning materials for the first two years of college-level mathematics.",0,"Sam looked up from the stack of orders on his desk and glanced at his watch. || 3:30, time to work on his project with Andrew. || He pushed the orders to one side and turned to his computer.",auto_pronoun_needs_audit,1,1963,Yale University,63,0,0,FALSE,2026-09-28,success,0,5,0,man,"Sam looked up from the stack of orders on his desk and glanced at his watch. || 3:30, time to work on his project with Andrew. || He pushed the orders to one side and turned to his computer.",David,NA,NA,NA,profile_pronouns,NA,NA,0
Mathematics,stefano.filipazzi,https://scholars.duke.edu/person/stefano.filipazzi,Stefano Filipazzi,Mathematics,1,90,18,18,0,0.2,5,322,"I am an algebraic geometer. In particular, my main interests lie in birational geometry.",0,NA,auto_pronoun_needs_audit,1,2019,University of Utah,7,0,1,FALSE,2026-09-28,success,0,0,0,man,NA,Stefano,NA,NA,NA,first_name_ssa_95pct,NA,NA,0
Mathematics,ven,https://scholars.duke.edu/person/ven,Stephanos Venakides,Mathematics,1,90,18,18,0,0.2,5,322,"Fields of work: Pure and applied mathematics, physics and biology. Specific areas: Differential equations, integrable systems, acoustic and electromagnetic scattering (especially transmission anomalies and resonances), photonic crystals, exciton polaritons and micromagnetics. Invited as one of the three Abel lecturers in the award of the Abel Prize to Peter Lax, The Norwegian Academy of Science and Letters, Oslo, Norway, May 2005 http://www.abelprize.no/c57575/seksjon/vis.html?tid=58729",0,NA,auto_pronoun_needs_audit,1,1982,New York University,44,0,0,FALSE,2026-09-28,success,0,0,0,man,NA,Stephanos,NA,NA,NA,first_name_ssa_95pct,NA,NA,0
Mathematics,wka,https://scholars.duke.edu/person/wka,William K. Allard,Mathematics,1,90,18,18,0,0.2,5,322,1. My main research effort will be to continue my collaboration with the Data Driven Modeling and Analysis group at LANL. This group works for the most part in the area of image processing. 2. I will continue to work as an investigator on Tom Kepler's NIH contract. My contribution is to provide analyis and parallel computing support for simulations.,0,NA,auto_pronoun_needs_audit,1,1968,Brown University,58,0,0,FALSE,2026-09-28,success,0,0,0,man,NA,William,NA,NA,NA,first_name_ssa_95pct,NA,NA,0
Music,bo.newsome,https://scholars.duke.edu/person/bo.newsome,Bo Newsome,Music,1,64,12.8,13,0.8000000000000007,0.203125,4.923076923076923,322,"A former resident artist at the Banff Centre for the Arts and an artist for the N.C. Arts Council Visiting Artist Program, oboist Bo Newsome plays an active role in the music scene of North Carolina. He performs with the Chamber Orchestra of the Triangle, the Coastal Winds (East Carolina University's faculty Woodwind Quintet) and Mallarmé Chamber Players, and has received Emerging Artist Grants from the Durham Arts Council and the Durham Jaycees Award for Community Leadership in the Arts. As a composer, Newsome has received the North Carolina Arts Council’s Composer Fellowship and written several scores for UNC Center for Public Television. His commissions include those from the National Symphony Orchestra, the N.C. Museum of Natural History and Mallarmé Chamber Players. Recent premieres include his ""Narrative with Dance Simulations"" for two oboes and cello at the International Double Reed Society conference in June, 2016 and ""Short Story"" for oboe, viola and cello by the Mallarmé Chamber Players. Frequently heard in both chamber music and orchestral performance, Newsome is often praised for his lyrical playing. After a Mallarmé performance of Joan Tower’s “Island Prelude,” a reviewer at Classical Voice of North Carolina wrote, “Newsome’s gorgeous cadenza playing was meticulous and rich — if only birds could sing that well.”",0,"He performs with the Chamber Orchestra of the Triangle, the Coastal Winds (East Carolina University's faculty Woodwind Quintet) and Mallarmé Chamber Players, and has received Emerging Artist Grants from the Durham Arts Council and the Durham Jaycees Award for Community Leadership in the Arts. || His commissions include those from the National Symphony Orchestra, the N.C. || Recent premieres include his ""Narrative with Dance Simulations"" for two oboes and cello at the International Double Reed Society conference in June, 2016 and ""Short Story"" for oboe, viola and cello by the Mallarmé Chamber Players.",auto_pronoun_needs_audit,0,NA,NA,NA,NA,0,FALSE,2026-09-28,success,0,4,0,man,"He performs with the Chamber Orchestra of the Triangle, the Coastal Winds (East Carolina University's faculty Woodwind Quintet) and Mallarmé Chamber Players, and has received Emerging Artist Grants from the Durham Arts Council and the Durham Jaycees Award for Community Leadership in the Arts. || His commissions include those from the National Symphony Orchestra, the N.C. || Recent premieres include his ""Narrative with Dance Simulations"" for two oboes and cello at the International Double Reed Society conference in June, 2016 and ""Short Story"" for oboe, viola and cello by the Mallarmé Chamber Players.",Bo,NA,NA,NA,profile_pronouns,NA,NA,0
Music,CARLA.COPELAND-BURNS,https://scholars.duke.edu/person/CARLA.COPELAND-BURNS,Carla Copeland-Burns,Music,1,64,12.8,13,0.8000000000000007,0.203125,4.923076923076923,322,"Noted as a flexible and versatile player, flutist Carla Copeland-Burns currently performs with the Greensboro, North Carolina, and Salisbury Symphonies as well as the North Carolina Opera, Carolina Ballet, Blue Mountain, and with the performer-composer collective Forecast Music. She has been a guest artist-teacher at universities and conferences nationally and internationally, and a featured performer at National Flute Association Conventions. In summers she is on the faculty of the InterHarmony International Music Festival in Italy and Germany. Carla is a Yamaha Performing Artist.",1,"She has been a guest artist-teacher at universities and conferences nationally and internationally, and a featured performer at National Flute Association Conventions. || In summers she is on the faculty of the InterHarmony International Music Festival in Italy and Germany.",auto_pronoun_needs_audit,0,NA,NA,NA,NA,0,FALSE,2026-09-28,success,2,0,0,woman,"She has been a guest artist-teacher at universities and conferences nationally and internationally, and a featured performer at National Flute Association Conventions. || In summers she is on the faculty of the InterHarmony International Music Festival in Italy and Germany.",Carla,NA,NA,NA,profile_pronouns,NA,NA,1
Music,dheid,https://scholars.duke.edu/person/dheid,David Heid,Music,1,64,12.8,13,0.8000000000000007,0.203125,4.923076923076923,322,"David Heid comes to North Carolina after a successful career in New York City as a vocal coach and accompanist. Also an arranger and conductor, he made his Lincoln Center debut in Alice Tully Hall in 1994. In the summer of 1997, he made his first international appearance performing at both the Darling Harbor Convention Center and the historic Towne Hall in Sydney Australia. His coaching clients include past Grammy, Tony and MAC Awards winners. David is currently on the faculty at Duke University where he is the Director of Duke Opera Theater as well as serving on the piano faculty, working with singers and teaching a class in collaborative piano. He is in demand throughout the region as a collaborative artist and has worked with many of the area’s leading organizations including the North Carolina Symphony, North Carolina Opera, Mallarme¢ Chamber Players, Opera Wilmington, Chamber Orchestra of the Triangle, Duke Symphony, Durham Chorale Society, Raleigh Chamber Music Guild, Theater in the Park, Thompson Theater Summerfest, Long Leaf Opera and Triangle Opera. He was previously on staff of the renowned Juilliard School in New York City. He has had a lengthy career as a collaborative pianist enjoying work with generations of leading singers. Among the artists he has worked with previously include Susan Dunn, Adria Firestone, Marisa Galvany, Carolyn James, William Stone and Christine Weidinger. He has also performed with artists currently appearing in major venues around the world such as Leah Hawkins, Jennifer Johnson Cano, Janinah Burnett, Mario Chang, Lisa Chavez, Timothy Murray, Jason Karn, Andrea Moore, LaToya Lain and cellist Bonnie Thron. David has been privileged to serve as pianist for masterclasses given by legendary performers such as Renee Fleming, Yo-Yo Ma and Simon Estes. As a clinician, he has taught classes at numerous schools including Mercyhurst University, SUNY Fredonia, UNC Pembroke and the Durham Music Teachers Association as well as serving as a judge for the National Opera Association Collegiate Scenes Competition. David Heid also worked extensively in gospel music and recorded on a number of Christian labels. He has toured the U.S. and Canada with Jane Syftestad and directed The Voice of St. John’s MCC – named in 1977 “The Best Gospel Choir in the Triangle.” Their debut recording “Anywhere with Jesus” was nominated for a GLAMA award in the contemporary spiritual category. @font-face {font-family:""Cambria Math""; panose-1:2 4 5 3 5 4 6 3 2 4; mso-font-charset:0; mso-generic-font-family:roman; mso-font-pitch:variable; mso-font-signature:-536870145 1107305727 0 0 415 0;}@font-face {font-family:Calibri; panose-1:2 15 5 2 2 2 4 3 2 4; mso-font-charset:0; mso-generic-font-family:swiss; mso-font-pitch:variable; mso-font-signature:-536859905 -1073732485 9 0 511 0;}p.MsoNormal, li.MsoNormal, div.MsoNormal {mso-style-unhide:no; mso-style-qformat:yes; mso-style-parent:""""; margin:0in; mso-pagination:widow-orphan; font-size:12.0pt; font-family:""Calibri"",sans-serif; mso-ascii-font-family:Calibri; mso-ascii-theme-font:minor-latin; mso-fareast-font-family:Calibri; mso-fareast-theme-font:minor-latin; mso-hansi-font-family:Calibri; mso-hansi-theme-font:minor-latin; mso-bidi-font-family:""Times New Roman""; mso-bidi-theme-font:minor-bidi; mso-font-kerning:1.0pt; mso-ligatures:standardcontextual;}.MsoChpDefault {mso-style-type:export-only; mso-default-props:yes; font-family:""Calibri"",sans-serif; mso-ascii-font-family:Calibri; mso-ascii-theme-font:minor-latin; mso-fareast-font-family:Calibri; mso-fareast-theme-font:minor-latin; mso-hansi-font-family:Calibri; mso-hansi-theme-font:minor-latin; mso-bidi-font-family:""Times New Roman""; mso-bidi-theme-font:minor-bidi;}div.WordSection1 {page:WordSection1;}",0,"Also an arranger and conductor, he made his Lincoln Center debut in Alice Tully Hall in 1994. || In the summer of 1997, he made his first international appearance performing at both the Darling Harbor Convention Center and the historic Towne Hall in Sydney Australia. || His coaching clients include past Grammy, Tony and MAC Awards winners.",auto_pronoun_needs_audit,0,NA,NA,NA,NA,0,FALSE,2026-09-28,success,0,13,1,man,"Also an arranger and conductor, he made his Lincoln Center debut in Alice Tully Hall in 1994. || In the summer of 1997, he made his first international appearance performing at both the Darling Harbor Convention Center and the historic Towne Hall in Sydney Australia. || His coaching clients include past Grammy, Tony and MAC Awards winners.",David,NA,NA,NA,profile_pronouns,NA,NA,0
Music,elizabeth.linnartz,https://scholars.duke.edu/person/elizabeth.linnartz,Elizabeth Byrum Linnartz,Music,1,64,12.8,13,0.8000000000000007,0.203125,4.923076923076923,322,"Elizabeth Byrum Linnartz, soprano, sings, teaches voice lessons and classes, and collaborates with other departments at Duke. In Duke Divinity School she taught “The Role of Music in Corporate Worship,” presented a lecture/recital on Britten’s Holy Sonnets of John Donne with Jeremy Begbie and Richard Hays, soloed with two of her voice/Divinity students with the Duke Vespers Ensemble in J.S. Bach’s Cantata 140, and twice organized a group of Duke singers to join choirs in Cambridge, England for the Easter at Kings Festival through the Duke Initiatives in Theology and the Arts. Other collaborations include concerts with The Center for Slavic, Eurasian and East European Studies, a lecture/recital for the German Department, and vocal coaching for the cast of Ragtime, a collaborative effort of Theater, Music and Dance. Linnartz has sung in many solo recitals and joint faculty recitals in the Duke Music Department, gave a lecture/recital on Benjamin Britten’s Winter Words in the Rare Music Concert Series, soloed in Stravinsky’s Les Noces with chamber choirs of the Duke Choral and Choral Society of Durham and soloed with the Duke Chapel Choir’s annual Messiah. She enjoyed singing the national anthem several times for Duke Men’s basketball. Dr. Linnartz teaches voice lessons and classes to music majors and non-majors. Because she lived and taught in Indonesia for several years she understands the challenges of being a cross-cultural student and enjoys teaching a very diverse group of singers. She recruits voice students through announcements to the International House and the VoiceNotes listserv and answers many requests for information about voice classes. For several years she taught English, Italian, Latin, German and French diction and has also taught courses in Chamber Music, Skills for Singers, and Opera and Broadway. With voice students Dr. Linnartz is interested in developing the mind and life skills as well as the voice. Understanding a song text may involve historical research, cultural understanding, philosophical questions, interpretation of grammar and poetry, language learning and personal reaction to the text. She helps students locate resources they need to succeed at Duke, whether related to music performance, academic research, or overall health and well-being. Students giving a senior recital learn to break down a huge project into manageable tasks. The Duke Voice Care Center, a private diagnostic clinic of Duke Medical Center, refers students to Dr. Linnartz (among others) and partners with her in care of student voices. In 2012 Linnartz assisted DVCC in putting on a two-day workshop, Contemporary Commercial Singing Styles with Jeannette LoVetri. She also organized master classes for Duke and UNC students with opera singers from the Mikhailovsky Theater in St. Petersburg, Russia, on behalf of The Center for Slavic, Eurasian and East European Studies. Dr. Linnartz has been an innovative teacher, in the early years applying for grants for free iPods for all voice students and for digital video cameras for all the voice studios. In 2007 she created and now maintains the VoiceNotes listserv for over 200 singers in the Duke community, who receive timely information of interest to voice students and singers. Dr. Linnartz’s Duke students have soloed at Freshman Convocation, Graduation, annually at the Duke Chapel Messiah Sing-Along, at Men’s Basketball games, in Duke Hospital with Student Heath Arts Network, in Hoof 'n' Horn productions, several a cappella groups, all voice master classes, and at Deman events. A former student, Mike Posner, was the keynote speaker for Deman 2015. On short notice she and one of her students sang for composer Lee Hoiby in a master class at Duke. Several of her Duke students are now singing professionally.",1,"In Duke Divinity School she taught “The Role of Music in Corporate Worship,” presented a lecture/recital on Britten’s Holy Sonnets of John Donne with Jeremy Begbie and Richard Hays, soloed with two of her voice/Divinity students with the Duke Vespers Ensemble in J.S. || She enjoyed singing the national anthem several times for Duke Men’s basketball. || Because she lived and taught in Indonesia for several years she understands the challenges of being a cross-cultural student and enjoys teaching a very diverse group of singers.",auto_pronoun_needs_audit,0,NA,NA,NA,NA,0,FALSE,2026-09-28,success,14,0,1,woman,"In Duke Divinity School she taught “The Role of Music in Corporate Worship,” presented a lecture/recital on Britten’s Holy Sonnets of John Donne with Jeremy Begbie and Richard Hays, soloed with two of her voice/Divinity students with the Duke Vespers Ensemble in J.S. || She enjoyed singing the national anthem several times for Duke Men’s basketball. || Because she lived and taught in Indonesia for several years she understands the challenges of being a cross-cultural student and enjoys teaching a very diverse group of singers.",Elizabeth,NA,NA,NA,profile_pronouns,NA,NA,1
Music,francis.roberts,https://scholars.duke.edu/person/francis.roberts,Francis Roberts,Music,1,64,12.8,13,0.8000000000000007,0.203125,4.923076923076923,322,NA,NA,NA,manual_review_required,0,NA,NA,NA,NA,0,FALSE,2026-09-28,success,0,0,0,unknown,NA,Francis,0.9138,0.0862,NA,manual_review,NA,0,0
Music,hmku,https://scholars.duke.edu/person/hmku,Hsiao-Mei Ku,Music,1,64,12.8,13,0.8000000000000007,0.203125,4.923076923076923,322,"Master of Music with Distinction, Indiana University, 1983 Recipient - Performer's Certificate School of Music, Indiana University, 1983 Special Program Iowa State University, 1981 Diploma Central School of Music, Beijing, China, 1970 1. Numerous solo and chamber music appearances internationally as well as in the U.S.A. 2. Recordings with Ciompi Quartet on Sheffield Lab and Albany labels. 3. Solo CD album, ""Music of Violn and Piano of Ma Sicong (I)"" volume 2 (Naxos 8.570600) is first of the Naxos’s new series “Chinese Classics”, released under Naxos in July 2007 4. Solo CD of “Music for violin and Piano” volume 2 (Naxos 8.570605) by the Chinese composer Ma Sicong has been featured at ClassicsOnline in November, 2009 and has been released by Naxos in March, 2010. The album can be found at: http://www.classicsonline.com/catalogue/product.aspx?pid=889226",NA,NA,manual_review_required,0,NA,NA,NA,NA,0,FALSE,2026-09-28,success,0,0,0,unknown,NA,Hsiao-Mei,NA,NA,NA,manual_review,NA,1,1
Music,jennifer.curtis2,https://scholars.duke.edu/person/jennifer.curtis2,Jennifer Curtis,Music,1,64,12.8,13,0.8000000000000007,0.203125,4.923076923076923,322,NA,1,NA,auto_pronoun_needs_audit,0,NA,NA,NA,NA,0,FALSE,2026-09-28,success,0,0,0,woman,NA,Jennifer,NA,NA,NA,first_name_ssa_95pct,NA,NA,1
Music,jbagg,https://scholars.duke.edu/person/jbagg,Jonathan E. Bagg CV,Music,1,64,12.8,13,0.8000000000000007,0.203125,4.923076923076923,322,"Jonathan Bagg is violist with the Ciompi String Quartet of Duke University. His career with the Ciompi includes hundreds of concerts across the U.S. and around the world, as well as 20+ recordings. He is founding Artistic Director of Electric Earth Concerts in New Hampshire, and he directed the Monadnock Music festival, also in New Hampshire, from 2007-2011. His programming as an Artistic Director has included creative collaborations with composers, authors, poets, and choreographers resulting in a number of unique multi-media works. He has performed at the Portland Chamber Music Festival, the Sebago-Long Lake festival, the Great Lakes Festival, the Eastern Music Festival, the Highlands-Cashiers festival, and the Mohawk Trail and Castle Hill festivals. Bagg is principal violist and soloist with the CityMusic Cleveland chamber orchestra. As an orchestral player he appeared often with the Boston Symphony, the Handel and Haydn Society, the New Haven Symphony, and the New Hampshire Symphony, where he was principal viola. Bagg’s most recent CD on the Albany label, titled “Elation,” brings together several works he commissioned, including by Duke colleagues Stephen Jaffe and Scott Lindroth. Other solo CDs contain music for viola and piano by Robert and Clara Schumann, and by the Viennese composer Robert Fuchs. Contemporary works for viola by Robert Ward, Arthur Levering, Malcolm Peyton, and Donald Wheelock are on the Bridge, Albany, Centaur and Gasparo labels. Bagg has directed the chamber music program at Duke, and he has served as Chair, Director of Undergraduate Studies and Director of Performance in Music.",0,"His career with the Ciompi includes hundreds of concerts across the U.S. || He is founding Artistic Director of Electric Earth Concerts in New Hampshire, and he directed the Monadnock Music festival, also in New Hampshire, from 2007-2011. || His programming as an Artistic Director has included creative collaborations with composers, authors, poets, and choreographers resulting in a number of unique multi-media works.",auto_pronoun_needs_audit,0,NA,NA,NA,NA,0,FALSE,2026-09-28,success,0,9,0,man,"His career with the Ciompi includes hundreds of concerts across the U.S. || He is founding Artistic Director of Electric Earth Concerts in New Hampshire, and he directed the Monadnock Music festival, also in New Hampshire, from 2007-2011. || His programming as an Artistic Director has included creative collaborations with composers, authors, poets, and choreographers resulting in a number of unique multi-media works.",Jonathan,NA,NA,NA,profile_pronouns,NA,NA,0
Music,laurasbyrneharpist,https://scholars.duke.edu/person/laurasbyrneharpist,Laura Byrne,Music,1,64,12.8,13,0.8000000000000007,0.203125,4.923076923076923,322,NA,1,NA,auto_pronoun_needs_audit,0,NA,NA,NA,NA,0,FALSE,2026-09-28,success,0,0,0,woman,NA,Laura,NA,NA,NA,first_name_ssa_95pct,NA,NA,1
Music,scott.lindroth,https://scholars.duke.edu/person/scott.lindroth,Scott A. Lindroth,Music,1,64,12.8,13,0.8000000000000007,0.203125,4.923076923076923,322,"I am a composer of instrumental and vocal music. My most recent works are T120, a piano trio composed for the Horszowski Trio (2021) and a Quintet for Soprano Saxophone and String Quartet (2019). My current project is a quartet for flute and three strings, commissioned by the Electric Earth Concert Series. My teaching centers on technical aspects of music, including classes on music theory, composition, and transcription. I also co-teach a course called ""Music and the Brain"" with Tobias Overath, a colleague in Psychology and Neuroscience. This class explores the physiology and psychology of hearing and music cognition, a study that has enabled me to reconsider ideas I know well from an entirely different perspective, with the result that ""old"" ideas have become ""new"" again. More marginal interests include some aspects of music technology: live sampling and signal processing, sonification, and computer-assisted composition. Aside from these professional interests, I enjoy working with machine tools as well as motorcycling on back roads in North Carolina.",0,NA,auto_pronoun_needs_audit,0,NA,NA,NA,NA,0,FALSE,2026-09-28,success,0,0,0,man,NA,Scott,NA,NA,NA,first_name_ssa_95pct,NA,NA,0
Music,tdb,https://scholars.duke.edu/person/tdb,Thomas Brothers,Music,1,64,12.8,13,0.8000000000000007,0.203125,4.923076923076923,322,"Thomas Brothers joined the faculty at Duke in 1991 after completing his Ph.D. at the University of California, Berkeley. He has published three books on Louis Armstrong, most recently ""Louis Armstrong Master of Modernism"" (2014), which was a finalist for the Pulitzer Prize in biography. Professor Brothers regularly teaches in African-American music and rock, as well as in the medieval and renaissance periods. His most recent book is ""Help! The Beatles Duke Ellington and the Magic of Collaboration"" (W.W. Norton 2018).",0,"Overview Thomas Brothers joined the faculty at Duke in 1991 after completing his Ph.D. || He has published three books on Louis Armstrong, most recently ""Louis Armstrong Master of Modernism"" (2014), which was a finalist for the Pulitzer Prize in biography. || His most recent book is ""Help!",auto_pronoun_needs_audit,1,1991,"University of California, Berkeley",35,0,0,FALSE,2026-09-28,success,0,3,0,man,"Overview Thomas Brothers joined the faculty at Duke in 1991 after completing his Ph.D. || He has published three books on Louis Armstrong, most recently ""Louis Armstrong Master of Modernism"" (2014), which was a finalist for the Pulitzer Prize in biography. || His most recent book is ""Help!",Thomas,NA,NA,NA,profile_pronouns,NA,NA,0
Music,verena.m,https://scholars.duke.edu/person/verena.m,Verena Mösenbichler-Bryant,Music,1,64,12.8,13,0.8000000000000007,0.203125,4.923076923076923,322,"Verena Mösenbichler-Bryant is the Chair of the Music Department and Professor of the Practice of Music at Duke University. She directs the Duke University Wind Symphony and serves as the Artistic Director and Conductor of the Durham Medical Orchestra (dmomusic.org). Verena is also the Associate Artistic Director of the Mid EUROPE festival and the Executive Director of the World Youth Wind Orchestra Project and the World Adult Wind Orchestra Project. Originally from Eberschwang, Austria, Verena began piano lessons at the age of six and later expanded her studies to include the church organ, flute, and bassoon. She made her conducting debut at 16, followed by a three-year fundamental conducting course under Johann Mösenbichler. Verena pursued symphony orchestra conducting with Ingo Ingensand at the Anton Bruckner Private University in Linz, Upper Austria, earning her bachelor’s degree with distinction in 2005. She completed her Master of Music in 2007 at Michigan State University under Kevin Sedatole, and in May 2009, she graduated with a DMA in Wind Ensemble Conducting from The University of Texas at Austin, where she studied with Jerry Junkin. Her transcriptions of John Corigliano’s Grammy-winning work Mr. Tambourine Man for Wind Ensemble and Amplified Soprano, published by G. Schirmer, and Eric Whitacre’s Sing Gently and Goodnight Moon, published by Hal Leonard, have been highly praised by the composers and performed widely. In addition, Verena is the Music Director and Conductor of the Schwäbisches Jugendblasorchester in Germany, recently conducted Morgan Freeman’s Symphonic Blues Experience, and frequently serves as a guest conductor, judge, and clinician across the United States, Asia, and Europe.",1,"She directs the Duke University Wind Symphony and serves as the Artistic Director and Conductor of the Durham Medical Orchestra (dmomusic.org). || Originally from Eberschwang, Austria, Verena began piano lessons at the age of six and later expanded her studies to include the church organ, flute, and bassoon. || She made her conducting debut at 16, followed by a three-year fundamental conducting course under Johann Mösenbichler.",auto_pronoun_needs_audit,0,NA,NA,NA,NA,1,FALSE,2026-09-28,success,10,0,0,woman,"She directs the Duke University Wind Symphony and serves as the Artistic Director and Conductor of the Durham Medical Orchestra (dmomusic.org). || Originally from Eberschwang, Austria, Verena began piano lessons at the age of six and later expanded her studies to include the church organ, flute, and bassoon. || She made her conducting debut at 16, followed by a three-year fundamental conducting course under Johann Mösenbichler.",Verena,NA,NA,NA,profile_pronouns,NA,NA,1
Music,zachary.hobin,https://scholars.duke.edu/person/zachary.hobin,Zachary Hobin,Music,1,64,12.8,13,0.8000000000000007,0.203125,4.923076923076923,322,"Zachary Hobin is a double bassist and educator with wide-ranging musical passions. Based out of Raleigh, NC, he is a frequent performer of orchestral, chamber, Baroque and contemporary repertoire. He has recently appeared with the Riverside Symphony and New York Symphonic Ensemble as principal bass and the North Carolina Symphony and Charleston Symphony as section bass. As a chamber musician, Zachary performs with the Annapolis Chamber Music Festival, a group he co-founded with bassoonist Remy Taghavi in 2016. Zachary is a committed advocate for new music and has performed with groups such as New York's Argento Ensemble and in solo and group recitals around the world. One of Zachary's passions is to spread the joy of music to those who wish to learn more about it. He serves on the faculty of Duke University’s music department and its pre-college String School. In the summer he teaches and performs at the Luzerne Music Center in New York’s Adirondack region. Additionally, Zachary has presented masterclass around the country and orld, including a sustained engagement with community music schools in Ecuador and Bolivia. Zachary has toured with various groups in Japan, China, Singapore, and on both coasts. He has worked with musicians such as John Zorn, Kaija Saariaho, Colin Carr, Branford Marsalis, Jeffery Milarsky, George Manahan, Claire Chase, and the JACK Quartet, Works by composers Huang Ruo, Mark Gustavson, Tomek Regulski, Daniel Silliman, Will Mason, and Aaron Helgeson are among those that Zachary has premiered. Zachary is a veteran of the Chautauqua, Hot Springs and Bowdoin International music festivals. Teachers include Kurt Muroki, Thomas Sperl, Rachel Calin, Peter Dominguez, Kate Nettleman, as well as Kevin Mauldin, Curtis Burris, Paul Ellison, Peter Lloyd, Alex Hanna and Peter Slowik. Zachary received his Doctorate of Musical Arts from Stony Brook University in double bass performance. He also holds a Masters from Stony Brook and a bachelor's degree from Oberlin Conservatory. Zachary performs on a ca.1750 Italian double bass and a Victor Fetique French bow.",0,"Based out of Raleigh, NC, he is a frequent performer of orchestral, chamber, Baroque and contemporary repertoire. || He has recently appeared with the Riverside Symphony and New York Symphonic Ensemble as principal bass and the North Carolina Symphony and Charleston Symphony as section bass. || As a chamber musician, Zachary performs with the Annapolis Chamber Music Festival, a group he co-founded with bassoonist Remy Taghavi in 2016.",auto_pronoun_needs_audit,0,NA,NA,NA,NA,0,FALSE,2026-09-28,success,0,8,0,man,"Based out of Raleigh, NC, he is a frequent performer of orchestral, chamber, Baroque and contemporary repertoire. || He has recently appeared with the Riverside Symphony and New York Symphonic Ensemble as principal bass and the North Carolina Symphony and Charleston Symphony as section bass. || As a chamber musician, Zachary performs with the Annapolis Chamber Music Festival, a group he co-founded with bassoonist Remy Taghavi in 2016.",Zachary,NA,NA,NA,profile_pronouns,NA,NA,0
Physics,a.wax,https://scholars.duke.edu/person/a.wax,Adam P. Wax,Physics,1,62,12.4,12,0.4000000000000003,0.1935483870967742,5.166666666666667,322,"Dr. Wax's research interests include optical spectroscopy for early cancer detection, novel microscopy and interferometry techniques. The study of intact, living cells with optical spectroscopy offers the opportunity to observe cellular structure, organization and dynamics in a way that is not possible with traditional methods. We have developed a set of novel spectroscopic techniques for measuring spatial, temporal and refractive structure on sub-hertz and sub-wavelength scales based on using low-coherence interferometry (LCI) to detect scattered light. We have applied these techniques in different types of cell biology experiments. In one experiment, LCI measurements of the angular pattern of backscattered light are used to determine non-invasively the structure of sub-cellular organelles in cell monolayers, and the components of epithelial tissue from freshly excised rat esophagus. This work has potential as a diagnostic method for early cancer detection. In another experiment, LCI phase measurements are used to examine volume changes of epithelial cells in a monolayer in response to environmental osmolarity changes. Although cell volume changes have been measured previously, this work demonstrates for the first time the volume of just a few cells (2 or 3) tracked continuously and in situ.",0,"Journal article Biomed Opt Express · July 1, 2026 Spectroscopic optical coherence tomography (SOCT) allows for the targeted analysis of cell nuclei due to their spectrally distinct scattering properties.",auto_pronoun_needs_audit,1,1999,Duke University,27,1,1,FALSE,2026-09-28,success,0,0,1,man,"Journal article Biomed Opt Express · July 1, 2026 Spectroscopic optical coherence tomography (SOCT) allows for the targeted analysis of cell nuclei due to their spectrally distinct scattering properties.",Adam,NA,NA,NA,first_name_ssa_95pct,NA,NA,0
Physics,goshaw,https://scholars.duke.edu/person/goshaw,Alfred T. Goshaw,Physics,1,62,12.4,12,0.4000000000000003,0.1935483870967742,5.166666666666667,322,"Professor Goshaw current research is focused on the study of Nature's most massive particles, the W and Z bosons (carriers of the weak force) and the top quark (discovered in 1994). These studies have been carried out using 1.96 TeV proton-antiproton collisions provided by Fermilab's Tevatron, and analyzed using the CDF detector. Current studies concentrate on measurements of the tri-linear coupling among the photon, W boson and Z boson, as tests of the non-abelian character of the electroweak force carriers. His research in the next five years will be focused on searches for phenomena beyond those predicted by the Standard Model, using precision measurements of the production of high energy photons, leptons and penetrating neutral particles such as neutrinos. In 2012, this research will be carried out at the high energy frontier using the ATLAS detector at the Large Hadron Collider at CERN.",0,"His research in the next five years will be focused on searches for phenomena beyond those predicted by the Standard Model, using precision measurements of the production of high energy photons, leptons and penetrating neutral particles such as neutrinos.",auto_pronoun_needs_audit,1,1966,"University of Wisconsin, Madison",60,0,1,FALSE,2026-09-28,success,0,1,0,man,"His research in the next five years will be focused on searches for phenomena beyond those predicted by the Standard Model, using precision measurements of the production of high energy photons, leptons and penetrating neutral particles such as neutrinos.",Alfred,NA,NA,NA,profile_pronouns,NA,NA,0
Physics,Anselm.Vossen,https://scholars.duke.edu/person/Anselm.Vossen,Anselm G. Vossen,Physics,1,62,12.4,12,0.4000000000000003,0.1935483870967742,5.166666666666667,322,"In Quantum Chromodynamics (QCD), the theory of the strong interactions, the nucleon emerges as a strongly interacting, relativistic bound state of almost massless quarks and gluons. Fifty years of experimental investigations into the nucleon's internal structure have provided remarkable insight into quark and gluon dynamics. However, many outstanding questions remain. For example, the origin of the spin of the proton is still eludes us and many other properties of the nucleon cannot yet be derived from first order calculations. Even fundamental aspects like a quantitative understanding of the origin of the mass of the nuclei (and thus most of the visible mass in the universe) as well as the confinement of quarks into hadrons remain outside our current understanding. My research approaches these questions from two sides. At the newly upgraded Jefferson Lab facility, we use electron proton scattering data to map out the 3D dynamics of the nucleon. We are in particular interested in polarized probes that are sensitive to spin-orbit coupling in the proton wavefunction. And at the newly constructed Belle II experiment, we use electron-positron annihilation data, to study how hadrons emergy from initial quarks. We are in particular interested how the quantum numbers of the inital quark, like spin, are expressed in the final state hadrons. My group also works on precision tests of the flavor sector of the standard model at the intensity frontier. To this end we study the properties of B meson detected with the Belle II experiment.",0,NA,auto_pronoun_needs_audit,0,NA,NA,NA,NA,1,FALSE,2026-09-28,success,0,0,0,man,NA,Anselm,NA,NA,NA,first_name_ssa_95pct,NA,NA,0
Physics,arun.kannawadi,https://scholars.duke.edu/person/arun.kannawadi,Arun Kannawadi Jayaraman,Physics,1,62,12.4,12,0.4000000000000003,0.1935483870967742,5.166666666666667,322,"My research field is Cosmology, the study of origin and evolution of the Universe. I am interested in answering the questions about the distribution of (dark) matter in the Universe, also known as the large-scale structure and using it to understand the contents (dark matter and dark energy) of the Universe. I study the matter distribution using a technique called Weak Gravitational Lensing. On a day-to-day basis, I work on image processing pipelines and algorithms that work at raw pixel-level data to extract useful information from millions (soon to be billions) of galaxies namely galaxy fluxes (and colors) and shapes.",0,NA,auto_pronoun_needs_audit,1,2016,Carnegie Mellon University,10,0,1,FALSE,2026-09-28,success,0,0,0,man,NA,Arun,NA,NA,NA,first_name_ssa_95pct,NA,NA,0
Physics,atarce,https://scholars.duke.edu/person/atarce,Ayana T. Arce,Physics,1,62,12.4,12,0.4000000000000003,0.1935483870967742,5.166666666666667,322,"Hadron colliders are attempting to produce evidence of phenomena beyond the ""Standard Model"" of particle physics, which is our current, best description of how fundamental particles interact. This description works very well for collider experiments, but is known to be incomplete: it doesn't explain neutrino masses and mixings, it cannot account for dark matter, and it doesn't treat gravity or the accelerating expansion of the universe. The observation of particle interactions that the Standard Model cannot explain would help us build up a better theory that accounts for these striking phenomena. In my research I concentrate on better understanding what takes place in hadron collider events with complicated final state topologies, like the production and decay of top quarks and heavy gauge bosons. In these events, I am looking for any hint of non-Standard Model interactions. My current studies use the ATLAS detector at the Large Hadron Collider (LHC), and consequently, many of my recent research activities also support the broader experimental program of ATLAS.",1,"Mural Published March 30, 2017 Hidden No More: Women in STEM Reflect on Their Journeys Published February 23, 2017 The Importance of 'Hidden Figures' View All News Items Recent Scholarly Works The ATLAS trigger system for LHC Run 3 and trigger performance in 2022 Journal article Journal of Instrumentation · June 1, 2024 The ATLAS trigger system is a crucial component of the ATLAS experiment at the LHC.",auto_pronoun_needs_audit,1,2006,Harvard University,20,0,1,FALSE,2026-09-28,success,0,0,1,woman,"Mural Published March 30, 2017 Hidden No More: Women in STEM Reflect on Their Journeys Published February 23, 2017 The Importance of 'Hidden Figures' View All News Items Recent Scholarly Works The ATLAS trigger system for LHC Run 3 and trigger performance in 2022 Journal article Journal of Instrumentation · June 1, 2024 The ATLAS trigger system is a crucial component of the ATLAS experiment at the LHC.",Ayana,NA,NA,NA,first_name_ssa_95pct,NA,NA,1
Physics,christopher.monroe,https://scholars.duke.edu/person/christopher.monroe,Christopher R Monroe,Physics,1,62,12.4,12,0.4000000000000003,0.1935483870967742,5.166666666666667,322,NA,0,NA,auto_pronoun_needs_audit,1,1992,"University of Colorado, Boulder",34,0,1,FALSE,2026-09-28,success,0,0,0,man,NA,Christopher,NA,NA,NA,first_name_ssa_95pct,NA,NA,0
Physics,dscolnic,https://scholars.duke.edu/person/dscolnic,Daniel M. Scolnic,Physics,1,62,12.4,12,0.4000000000000003,0.1935483870967742,5.166666666666667,322,Use observational tools to measure the expansion history of the universe. Trying to answer big questions like 'what is dark energy?'.,0,"Hamentasch Debate Published October 13, 2025 Intersecting Perspectives Published September 26, 2025 Duke Alumna Selected To Be in the 24th NASA Astronaut Class View All News Items Recent Scholarly Works Supernovae Unite: Host-Galaxy Mass Measurements of Type Ia Supernovae and Their Impact on Cosmology Preprint · September 4, 2026 Current consensus suggests that Type Ia supernova (SN Ia) brightnesses post light-curve standardization correlate with their host-galaxy stellar masses, which must be accounted for to obtain accurate cosmological constraints.",auto_pronoun_needs_audit,1,2013,Johns Hopkins University,13,0,1,FALSE,2026-09-28,success,0,0,2,man,"Hamentasch Debate Published October 13, 2025 Intersecting Perspectives Published September 26, 2025 Duke Alumna Selected To Be in the 24th NASA Astronaut Class View All News Items Recent Scholarly Works Supernovae Unite: Host-Galaxy Mass Measurements of Type Ia Supernovae and Their Impact on Cosmology Preprint · September 4, 2026 Current consensus suggests that Type Ia supernova (SN Ia) brightnesses post light-curve standardization correlate with their host-galaxy stellar masses, which must be accounted for to obtain accurate cosmological constraints.",Daniel,NA,NA,NA,first_name_ssa_95pct,NA,NA,0
Physics,drsmith,https://scholars.duke.edu/person/drsmith,David R. Smith,Physics,1,62,12.4,12,0.4000000000000003,0.1935483870967742,5.166666666666667,322,"Dr. David R. Smith is currently the James B. Duke Professor of Electrical and Computer Engineering Department at Duke University. He is also Director of the Center for Metamaterials and Integrated Plasmonics at Duke and holds the positions of Adjunct Associate Professor in the Physics Department at the University of California, San Diego, and Visiting Professor of Physics at Imperial College, London. Dr. Smith received his Ph.D. in 1994 in Physics from the University of California, San Diego (UCSD). Dr. Smith's research interests include the theory, simulation and characterization of unique electromagnetic structures, including photonic crystals and metamaterials. Smith is best known for his theoretical and experimental work on electromagnetic metamaterials. Metamaterials are artificially structured materials, whose electromagnetic properties can be tailored and tuned in ways not easily accomplished with conventional materials. Smith has been at the forefront in the development of numerical methods to design and characterize metamaterials, and has also provided many of the key experiments that have helped to illustrate the potential that metamaterials offer. Smith and his colleagues at UCSD demonstrated the first left-handed (or negative index) metamaterial at microwave frequencies in 2000--a material that had been predicted theoretically more than thirty years prior by Russian physicist Victor Veselago. No naturally occurring material or compound with a negative index-of-refraction had ever been reported until this experiment. In 2001, Smith and colleagues followed up with a second experiment confirming one of Veselago's key conjectures: the 'reversal' of Snell's law. These two papers--the first published in Physical Review Letters and the second in Science--generated enormous interest throughout the community in the possibility of metamaterials to extend and augment the properties of conventional materials. Both papers have now been cited more than 3,000 times each. Since those first metamaterial experiments, Smith has continued to study the fundamentals and potential applications of negative index media and metamaterials. In 2004, Smith began studying the potential of metamaterials as a means to produce novel gradient index media. By varying the index-of-refraction throughout a material, an entire class of optical elements (such as lenses) can be formed. Smith showed that metamaterials could access a much larger range of design space, since both the magnetic and the electric properties could be graded independently. Smith and colleagues demonstrated several versions of gradient index optics, an activity that continues in his lab today. The introduction of controlled spatial gradients in the electromagnetic properties of a metamaterial flows naturally into the broad concept of transformation optics - a new electromagnetic design approach proposed by Sir John Pendry in 2006. To illustrate of the novelty of this design approach, Pendry, Schurig and Smith suggested in 2006 that an 'invisibility cloak' could be realized by a metamaterial implementation of a transformation optical design. Later that same year, Smith's group at Duke University reported the demonstration of a transformation optical designed 'invisibility cloak' at microwave frequencies. The concept of transformation optics has since attracted the attention of the scientific community, and is now a rapidly emerging sub-discipline in the field. Smith's work on transformation optics has been featured in nearly every major newspaper, including a cover story in USA Today, The New York Times, The Chicago Tribune, The Wall Street Journal, The Washington Post and many more. Smith and his work on cloaking have also been featured on television news programs inlcuding The Today Show, Countdown with Keith Olbermann, Fox News, CNN and MSNBC. Smith's work has also been highlighted in documentary programs on The History Channel, The Discovery Channel, The Science Channel, the BBC and others. Please also see Prof. Smith's personal website at http://people.ee.duke.edu/~drsmith for the most frequent updates.",0,"He is also Director of the Center for Metamaterials and Integrated Plasmonics at Duke and holds the positions of Adjunct Associate Professor in the Physics Department at the University of California, San Diego, and Visiting Professor of Physics at Imperial College, London. || Smith received his Ph.D. || Smith is best known for his theoretical and experimental work on electromagnetic metamaterials.",auto_pronoun_needs_audit,1,1994,"University of California, San Diego",32,0,1,FALSE,2026-09-28,success,0,6,0,man,"He is also Director of the Center for Metamaterials and Integrated Plasmonics at Duke and holds the positions of Adjunct Associate Professor in the Physics Department at the University of California, San Diego, and Visiting Professor of Physics at Imperial College, London. || Smith received his Ph.D. || Smith is best known for his theoretical and experimental work on electromagnetic metamaterials.",David,NA,NA,NA,profile_pronouns,NA,NA,0
Physics,emily.edwards,https://scholars.duke.edu/person/emily.edwards,Emily Edwards,Physics,1,62,12.4,12,0.4000000000000003,0.1935483870967742,5.166666666666667,322,"Emily Edwards is an Associate Research Professor in the Department of Electrical and Computer Engineering, and Duke Quantum Center. She is primarily interested in science communication and informal STEM education, with a focus on increasing adult and youth interest in and engagement with quantum information science and engineering topics and technology.",1,"She is primarily interested in science communication and informal STEM education, with a focus on increasing adult and youth interest in and engagement with quantum information science and engineering topics and technology.",auto_pronoun_needs_audit,1,2009,"University of Maryland, College Park",17,0,1,FALSE,2026-09-28,success,1,0,0,woman,"She is primarily interested in science communication and informal STEM education, with a focus on increasing adult and youth interest in and engagement with quantum information science and engineering topics and technology.",Emily,NA,NA,NA,profile_pronouns,NA,NA,1
Physics,michael.gehm,https://scholars.duke.edu/person/michael.gehm,Michael E. Gehm,Physics,1,62,12.4,12,0.4000000000000003,0.1935483870967742,5.166666666666667,322,"Michael Gehm received a B.S. in Mechanical Engineering from Washington University in St. Louis in 1992. He earned his A.M. and Ph.D. degrees in Physics from Duke University in 1998 and 2003, respectively. From 2003–2005, he was a Research Associate in ECE at Duke, followed by a year as an Assistant Research Professor. In 2007 he moved to the University of Arizona as an Assistant Professor of ECE and was jointly appointed an Assistant Professor of Optical Sciences in 2009. He was promoted to Associate Professor of ECE and Optical Sciences in 2013 before returning to Duke as an Associate Professor of ECE later that year. He added a secondary appointment in Physics in 2021. In 2022, he was promoted to Professor of ECE and Physics. His current research interests are primarily computational and compressive sensing and measurement in all modalities (with special emphasis in Electromagnetic/Optical from RF to x-ray and all forms of Mass spectrometry), with side interests in optical physics, high-performance x-ray simulation, and rapid-prototyping as a means of creating advanced electromagnetic structures. He is a Fellow of both Optica (formerly, OSA) and SPIE.",0,"He earned his A.M. || From 2003–2005, he was a Research Associate in ECE at Duke, followed by a year as an Assistant Research Professor. || In 2007 he moved to the University of Arizona as an Assistant Professor of ECE and was jointly appointed an Assistant Professor of Optical Sciences in 2009.",auto_pronoun_needs_audit,1,2003,Duke University,23,1,1,FALSE,2026-09-28,success,0,9,0,man,"He earned his A.M. || From 2003–2005, he was a Research Associate in ECE at Duke, followed by a year as an Assistant Research Professor. || In 2007 he moved to the University of Arizona as an Assistant Professor of ECE and was jointly appointed an Assistant Professor of Optical Sciences in 2009.",Michael,NA,NA,NA,profile_pronouns,NA,NA,0
Physics,norbert.linke,https://scholars.duke.edu/person/norbert.linke,Norbert Matthias Linke,Physics,1,62,12.4,12,0.4000000000000003,0.1935483870967742,5.166666666666667,322,NA,0,NA,auto_pronoun_needs_audit,1,2012,University of Oxford (United Kingdom),14,0,1,FALSE,2026-09-28,success,0,0,0,man,NA,Norbert,NA,NA,NA,first_name_ssa_95pct,NA,NA,0
Physics,rgb,https://scholars.duke.edu/person/rgb,Robert Brown,Physics,1,62,12.4,12,0.4000000000000003,0.1935483870967742,5.166666666666667,322,"Prof. Robert G. Brown is interested in using algebraic and statistical methods to study a wide range of equilibrium and nonequilibrium problems. With collaborator Dr. Mikael Ciftan, Dr. Brown has developed new Monte Carlo Langevin equation-based techniques that allow dynamic/nonequilibrium and static/equilibrium phenomena to be studied on the same footing. His recent work includes algebraic and computational studies in dynamic and static critical phenomena in quantum optics and magnetism. In earlier work, Dr. Brown also developed a generalized (non-muffin-tin) stationary multiple scattering theory including applications to band theory and quantum chemistry. This work formally eliminates the muffin-tin approximation from KKR-type band theory and its equivalents in quantum chemistry, without the need for so-called ""near field"" corrections.",0,His recent work includes algebraic and computational studies in dynamic and static critical phenomena in quantum optics and magnetism.,auto_pronoun_needs_audit,1,1982,Duke University,44,1,0,FALSE,2026-09-28,success,0,1,0,man,His recent work includes algebraic and computational studies in dynamic and static critical phenomena in quantum optics and magnetism.,Robert,NA,NA,NA,profile_pronouns,NA,NA,0
Psychology & Neuroscience,aaron.kay,https://scholars.duke.edu/person/aaron.kay,Aaron Charles Kay,Psychology & Neuroscience,1,126,25.200000000000003,25,0.20000000000000284,0.1984126984126984,5.04,322,"Aaron C. Kay (PhD 2005, Stanford University) is the J Rex Fuqua Professor of Management and Professor of Psychology & Neuroscience at Duke University. His research focuses on the relation between motivation, implicit social cognition, and social issues. He has a particular interest in how basic motivations and needs manifest as specific social and societal beliefs. These include (but are not limited to) the causes and consequences of stereotyping and system justification, religious belief, political ideology, and the attitudes people hold towards their organizations and institutions. For this research, Aaron Kay has been awarded the Janet T. Spence Award for Transformative Early Career Contributions from the American Psychological Society, the SAGE Young Scholar Award from the Foundation of Personality and Social Psychology (2010), the Early Career Contribution Award from the International Society of Justice Researchers (2010), the Early Researchers Award from the Ontario Ministry of Research and Innovation (2009), and Dissertation Awards from the Society for the Psychological Study of Social Issues (2006) and the Society of Experimental Social Psychology (runner-up; 2006). He has been named a Fellow of the American Psychological Society as well as the Society of Experimental Social Psychology and the Society of Personality and Social Psychology, and Dr. Kay's research is widely covered in national and international news and media outlets. Dr. Kay is a past President of the International Society of Justice Research.",0,"His research focuses on the relation between motivation, implicit social cognition, and social issues. || He has a particular interest in how basic motivations and needs manifest as specific social and societal beliefs. || These include (but are not limited to) the causes and consequences of stereotyping and system justification, religious belief, political ideology, and the attitudes people hold towards their organizations and institutions.",auto_pronoun_needs_audit,1,2005,Stanford University,21,0,0,FALSE,2026-09-28,success,0,3,1,man,"His research focuses on the relation between motivation, implicit social cognition, and social issues. || He has a particular interest in how basic motivations and needs manifest as specific social and societal beliefs. || These include (but are not limited to) the causes and consequences of stereotyping and system justification, religious belief, political ideology, and the attitudes people hold towards their organizations and institutions.",Aaron,NA,NA,NA,profile_pronouns,NA,NA,0
Psychology & Neuroscience,azadi,https://scholars.duke.edu/person/azadi,Amir H. Rezvani,Psychology & Neuroscience,1,126,25.200000000000003,25,0.20000000000000284,0.1984126984126984,5.04,322,"My research and teaching interests have been primarily focused on the following areas: Alcoholism: I work with ""alcoholic"" rats with genetic predisposition!"" We use selectively-bred alcohol preferring rats as an animal model of human alcoholism for developing better pharmacological treatments for alcoholism. Recently, we are working on several novel promising ""anti-craving"" compounds for the treatment of alcoholism. We are also studying the interaction between alcohol drinking and nicotine intake. Nicotine Addiction: We have been studying age and sex differences in i.v. nicotine self-administration in rats. We have found that pattern of drug intake is both age- and sex-dependent. Our lab is also exploring different neuronal targets for developing better pharmacologic treatment for nicotine addiction. Sustained Attention: Another aspect of our research is studying the role of the neuronal nicotinic and other neuronal systems in sustained attention using a rodent model. We have shown, nicotine (not smoking!) and nicotinic compounds improve attention in rats. A majority of people with schizophrenia smoke and they smoke heavily. Thus, it is important to understand the interaction of antipsychotic medications and nicotine in sustained attention. This has been another aspect of our research with interesting results. Presently, we are testing novel nicotinic compounds for improving pharmacologically-impaired sustained attention. Teaching: I love to teach and interact with students. Since arriving at Duke in 1999, I have been team-teaching the popular alcohol course (Psych 206-01R; Alcohol: Brain, Society and Individual). I also enjoy mentoring undergrad students who are interested in science and enjoy working in the lab with cute little creatures!. Community: I am a member of the Board of Directors of Triangle Residential Options for Substance Abusers (TROSA), a self-supported therapeutic community in Durham. I also give seminars and workshops on addiction around the country.",0,A majority of people with schizophrenia smoke and they smoke heavily. || Journal article Neurotoxicology · July 2024 Repeated paternal preconception exposure to Δ9-tetrahydrocannabinol (Δ9-THC) alone or together with the other constituents in a cannabis extract has been shown in our earlier studies in rats to cause significant neurobehavioral impairment in their offsprin ...,auto_pronoun_needs_audit,1,1983,"University of Illinois, Urbana-Champaign",43,0,0,FALSE,2026-09-28,success,0,0,2,man,A majority of people with schizophrenia smoke and they smoke heavily. || Journal article Neurotoxicology · July 2024 Repeated paternal preconception exposure to Δ9-tetrahydrocannabinol (Δ9-THC) alone or together with the other constituents in a cannabis extract has been shown in our earlier studies in rats to cause significant neurobehavioral impairment in their offsprin ...,Amir,NA,NA,NA,first_name_ssa_95pct,NA,NA,0
Psychology & Neuroscience,avshalom.caspi,https://scholars.duke.edu/person/avshalom.caspi,Avshalom Caspi,Psychology & Neuroscience,1,126,25.200000000000003,25,0.20000000000000284,0.1984126984126984,5.04,322,Caspi’s research is concerned with three questions: (1) How do childhood experiences shape aging and the course of health inequalities across the life span? (2) How do genetic differences between people shape the way they respond to their environments? (3) How do mental health problems unfold across and shape the life course?,0,(2) How do genetic differences between people shape the way they respond to their environments?,auto_pronoun_needs_audit,1,1986,Cornell University,40,0,1,FALSE,2026-09-28,success,0,0,2,man,(2) How do genetic differences between people shape the way they respond to their environments?,Avshalom,NA,NA,NA,first_name_ssa_95pct,NA,NA,0
Psychology & Neuroscience,blair.sheppard,https://scholars.duke.edu/person/blair.sheppard,Blair H. Sheppard,Psychology & Neuroscience,1,126,25.200000000000003,25,0.20000000000000284,0.1984126984126984,5.04,322,"As Special Advisor to Duke Kunshan University, Professor Sheppard is responsible for directing all fundraising, corporate development, non-degree program development and regional development for the newly formed campus in China. Duke is one of two US schools allowed to establish an independent legal presence in China and has 200 acres, with the first 36 acres under development. Sheppard is also the Chair of the Board of directors for Duke Corporate Education (Duke CE), a company that he founded in 2000. Under his leadership, Duke CE grew from one office, 39 employees and $12 million in revenue, to offices on three continents, 140 employees and $56 million in revenue and has been rated number 1 in the world by Financial Times and BusinessWeek for 9 years in a row. Previously, Sheppard was the Dean of Fuqua School of Business which under his leadership rose in all three key rankings, developed a new Masters level degree program now considered one of the top three in the world, led the development of a new global strategy for the business school culminating in the creation of Duke Kunshan University and had one of the top two most productive research faculties in the world. All of this occurred during the worst economic crisis in the history of the school. Sheppard has also been the Senior Associate Dean of Fuqua, where he led the creation of two innovative management education programs. He conceived The Duke MBA - Global Executive in 1996 and was instrumental in developing the school's early strategy. Sheppard has provided consultation to more than 100 companies and governments in the areas of leadership, corporate strategy, negotiation, organizational relationships and organization design and has extensive research on the same topics, with more than 50 published books and articles. Sheppard received his B.A. and M.A. from the University of Western Ontario and his Ph.D. in social and organizational psychology from the University of Illinois.",0,"Sheppard is also the Chair of the Board of directors for Duke Corporate Education (Duke CE), a company that he founded in 2000. || Under his leadership, Duke CE grew from one office, 39 employees and $12 million in revenue, to offices on three continents, 140 employees and $56 million in revenue and has been rated number 1 in the world by Financial Times and BusinessWeek for 9 years in a row. || Previously, Sheppard was the Dean of Fuqua School of Business which under his leadership rose in all three key rankings, developed a new Masters level degree program now considered one of the top three in the world, led the development of a new global strategy for the business school culminating in the creation of Duke Kunshan University and had one of the top two most productive research faculties in the world.",auto_pronoun_needs_audit,1,1980,University of Illinois,46,0,0,FALSE,2026-09-28,success,0,7,0,man,"Sheppard is also the Chair of the Board of directors for Duke Corporate Education (Duke CE), a company that he founded in 2000. || Under his leadership, Duke CE grew from one office, 39 employees and $12 million in revenue, to offices on three continents, 140 employees and $56 million in revenue and has been rated number 1 in the world by Financial Times and BusinessWeek for 9 years in a row. || Previously, Sheppard was the Dean of Fuqua School of Business which under his leadership rose in all three key rankings, developed a new Masters level degree program now considered one of the top three in the world, led the development of a new global strategy for the business school culminating in the creation of Duke Kunshan University and had one of the top two most productive research faculties in the world.",Blair,NA,NA,NA,profile_pronouns,NA,NA,0
Psychology & Neuroscience,cerick,https://scholars.duke.edu/person/cerick,Carl J. Erickson,Psychology & Neuroscience,1,126,25.200000000000003,25,0.20000000000000284,0.1984126984126984,5.04,322,"The aye-aye is one of the world's most endangered animals Its unusual foraging behavior presents a provocative challenge to those interested in the evolution, development and sensory-motor coordination of complex behavior as well as to those concerned wi th the captive breeding of endangered species. The aye-aye hunts for woodboring insect larvae by tapping its middle finger on the surface of dead trees. When a cavity is detected, it uses its razor-sharp incisors to gnaw away the wood. Our studies have focused on the aye-aye's capacity to form representations of the subsurface cavities and to exploit them most efficiently. Because of our successful breeding program, Duke has the largest colony of captive-bred aye-ayes in the world. This program has allowed us a unique opportunity to study the early development of the aye-aye's complex behavior patterns. Ultimately, this research is critical to the reintroduction of this species to protected areas of Madagascar.",0,Our studies have focused on the aye-aye's capacity to form representations of the subsurface cavities and to exploit them most efficiently.,auto_pronoun_needs_audit,1,1965,Rutgers University,61,0,0,FALSE,2026-09-28,success,0,0,1,man,Our studies have focused on the aye-aye's capacity to form representations of the subsurface cavities and to exploit them most efficiently.,Carl,NA,NA,NA,first_name_ssa_95pct,NA,NA,0
Psychology & Neuroscience,cgrimes,https://scholars.duke.edu/person/cgrimes,Christina Grimes,Psychology & Neuroscience,1,126,25.200000000000003,25,0.20000000000000284,0.1984126984126984,5.04,322,"My research interests include the role of peer relationships in the development of social competence and psychological adjustment. I am currently involved in two lines of research: (1) a comprehensive study of peer relationships among middle childhood girls, including the causes and consequences of peer rejection/victimization, and family factors related to girls' use of relational aggression; and (2) research on the dynamics of adolescent social networks and the role of peer influence processes in the development of early substance use and antisocial behavior.",1,"Journal article Prevention science : the official journal of the Society for Prevention Research · July 2017 In adolescent social groups, natural peer leaders have been found to engage in more frequent experimentation with substance use and to possess disproportionate power to affect the behavior and social choices of their associated peer followers.",auto_pronoun_needs_audit,1,1996,Duke University,30,1,0,FALSE,2026-09-28,success,0,0,1,woman,"Journal article Prevention science : the official journal of the Society for Prevention Research · July 2017 In adolescent social groups, natural peer leaders have been found to engage in more frequent experimentation with substance use and to possess disproportionate power to affect the behavior and social choices of their associated peer followers.",Christina,NA,NA,NA,first_name_ssa_95pct,NA,NA,1
Psychology & Neuroscience,fitzpat,https://scholars.duke.edu/person/fitzpat,David Fitzpatrick,Psychology & Neuroscience,1,126,25.200000000000003,25,0.20000000000000284,0.1984126984126984,5.04,322,"Research in the Fitzpatrick lab is focused on understanding the functional organization and development of circuits in primary visual cortex, an important component of the vast network of neural centers that are involved in processing visual information and the first site along the visual pathway where neurons exhibit selectivity for stimulus attributes such as the orientation of edges and the direction of motion of objects. Our research combines optical imaging, intracellular recording and neural tracing techniques to explore how stimulus features are represented in the activity of identified neural circuits. Our work on the development of visual cortex suggests that normal sensory experience is required to complete the maturation of properties that are first established by experience-independent mechanisms. In another series of experiments we are addressing how feedforward and recurrent circuits contribute to the orientation selective responses of individual neurons. Our results indicate a remarkable specificity in the spatial arrangement of the axonal arbors associated with these two systems, a specificity that imparts an axial bias to the way these neurons sample information from visual space both within and beyond their classical receptive field. In another set of experiments, we are exploring how different combinations of stimulus features such as orientation, direction of motion and speed are represented in the population response of visual cortical neurons. Contrary to the conventional view that activity patterns in visual cortex can be explained as the intersection between multiple stimulus feature maps, our results indicate that population activity is best explained as a single spatiotemporal transform in which orientation, direction of motion and speed are combined. Current efforts are directed at understanding the temporal dynamics of this spatiotemporal transform and the way in which it is altered by changes in luminance and contrast.",0,"Our results indicate a remarkable specificity in the spatial arrangement of the axonal arbors associated with these two systems, a specificity that imparts an axial bias to the way these neurons sample information from visual space both within and beyond their classical receptive field.",auto_pronoun_needs_audit,1,1982,Duke University,44,1,0,FALSE,2026-09-28,success,0,0,1,man,"Our results indicate a remarkable specificity in the spatial arrangement of the axonal arbors associated with these two systems, a specificity that imparts an axial bias to the way these neurons sample information from visual space both within and beyond their classical receptive field.",David,NA,NA,NA,first_name_ssa_95pct,NA,NA,0
Psychology & Neuroscience,emma.grisham,https://scholars.duke.edu/person/emma.grisham,Emma Grisham,Psychology & Neuroscience,1,126,25.200000000000003,25,0.20000000000000284,0.1984126984126984,5.04,322,"Dr. Emma Grisham is teaching faculty in the Department of Psychology and Neuroscience. She serves as co-director of the Introductory Psychology and Costanzo Teaching Fellowship programs. She received her Ph.D. in Psychological Science with concentrations in Social Psychology and Quantitative Methods from the University of California, Irvine in 2022. Her work focuses on the practice and science of teaching. She is passionate about teaching psychology, training students to become effective teachers, and leveraging psychological research to advance pedagogy.",1,She serves as co-director of the Introductory Psychology and Costanzo Teaching Fellowship programs. || She received her Ph.D. || Her work focuses on the practice and science of teaching.,auto_pronoun_needs_audit,1,2022,"University of California, Irvine",4,0,0,FALSE,2026-09-28,success,5,0,0,woman,She serves as co-director of the Introductory Psychology and Costanzo Teaching Fellowship programs. || She received her Ph.D. || Her work focuses on the practice and science of teaching.,Emma,NA,NA,NA,profile_pronouns,NA,NA,1
Psychology & Neuroscience,david.rubin,https://scholars.duke.edu/person/david.rubin,David C. Rubin,Psychology & Neuroscience,1,126,25.200000000000003,25,0.20000000000000284,0.1984126984126984,5.04,322,"For .pdfs of all publications click here My main research interest has been in long-term memory, especially for complex (or ""real-world"") stimuli. This work includes the study of autobiographical memory and oral traditions, as well as prose. I have also studied memory as it is more commonly done in experimental psychology laboratories using lists. In addition to this purely behavioral research, which I plan to continue, I work on memory in clinical populations with the aid of a National Institute of Mental Health grant to study PTSD and on the underlying neural basis of memory the aid of a National Institute of Aging grant to study autobiographical memory using fMRI.",0,"Full text Cite The Properties of Involuntary and Voluntary Autobiographical Memories in Chinese Patients with Depression and Healthy Individuals Journal article Cognitive Therapy and Research · December 1, 2025 Background: Research on depression has largely focused on negative intrusive memories with little research on general involuntary memories as they occur in everyday life.",auto_pronoun_needs_audit,1,1974,Harvard University,52,0,0,FALSE,2026-09-28,success,0,0,1,man,"Full text Cite The Properties of Involuntary and Voluntary Autobiographical Memories in Chinese Patients with Depression and Healthy Individuals Journal article Cognitive Therapy and Research · December 1, 2025 Background: Research on depression has largely focused on negative intrusive memories with little research on general involuntary memories as they occur in everyday life.",David,NA,NA,NA,first_name_ssa_95pct,NA,NA,0
Psychology & Neuroscience,gail.marsh,https://scholars.duke.edu/person/gail.marsh,Gail R. Marsh,Psychology & Neuroscience,1,126,25.200000000000003,25,0.20000000000000284,0.1984126984126984,5.04,322,"My current research interests are largely centered around sleep and disorders of sleep. We just completed a six year long project on sleep in the middle-aged (40-60 years of age) and elderly (60+ years of age), measured both at home and in the lab. We gathered data on an equal number of men and women, both with equal representation of normal sleepers and persons complaining of insomnia. They were studied for three days in the lab as well as an equal number of days at home. A standard sleepiness test was given to reveal the level of sleepiness during the day. Studies comparing drug and behavioral treatment of middle-aged and elderly insomniacs, and examining how long behavioral treatment needs to be continued to be effective are currently being carried out. All of the treatments show a significant effect in providing better sleep. The behavioral treatments have a better long-term treatment effect but appear to take longer to become effective. Basic aspects of sleep are part of the ongoing studies in the lab. Currently several different ways of measuring nonrapid eye movement sleep--slow wave sleep in particular--are being tested in an attempt to come to terms with the currently inadequate means of assessing the presence and intensity of this aspect of sleep. Coming to terms with this difficulty could help resolve some of the controversies present in present day sleep research, especially in regard to the difficulties of objectively measuring how sleep changes with age. Treatments to improve sleep, especially in the elderly are currently being studied. Several treatment approaches are being attempted, with vibration stimulation being the therapy most studied to date. Periodic leg movements of sleep (PLM) is a poorly understood disorder of sleep that may have several etiologies. It becomes increasingly prevalent with age; about 40% of persons over 70 years of age are found to have their sleep disturbed to a significant extent by this disorder. We are presently exploring this disorder.",1,They were studied for three days in the lab as well as an equal number of days at home. || It becomes increasingly prevalent with age; about 40% of persons over 70 years of age are found to have their sleep disturbed to a significant extent by this disorder.,auto_pronoun_needs_audit,1,1968,University of Iowa,58,0,0,FALSE,2026-09-28,success,0,0,2,woman,They were studied for three days in the lab as well as an equal number of days at home. || It becomes increasingly prevalent with age; about 40% of persons over 70 years of age are found to have their sleep disturbed to a significant extent by this disorder.,Gail,NA,NA,NA,first_name_ssa_95pct,NA,NA,1
Psychology & Neuroscience,cooperh,https://scholars.duke.edu/person/cooperh,Harris M. Cooper,Psychology & Neuroscience,1,126,25.200000000000003,25,0.20000000000000284,0.1984126984126984,5.04,322,"Harris Cooper received his Ph.D. in Social Psychology from the University of Connecticut in 1975. From 1977 to 2003, he was on the faculty at the University of Missouri. In 2003, he moved to Duke University where he is now Hugo L. Blomquist Distinguished Professor in the Department of Psychology & Neuroscience. Dr. Cooper has been a Visiting Scholar at Stanford University, the University of Oregon, and the Russell Sage Founda­tion in New York City. Dr. Cooper's research interests follow two paths. The first concerns research synthesis and research methodology. His book, Research Synthesis and Meta-Analysis: A Step-by-Step Approach (2017) is in its 5th edition. He is the co-editor of the Handbook of Research Synthe­sis and Meta-Analysis (3rd edition anticipated, 2018). Dr. Cooper and his students have published over 30 research syntheses, many of which appeared in varied prestigious journals including Psychologi­cal Bulletin, Review of Educational Research, Journal of Personality and Social Psychology, Journal of Marketing Research and Developmental Medicine and Child Neurology. They have published over 40 articles on how to conduct research synthesis and meta-analysis. In 2007, Dr. Cooper was the recipient of the Frederick Mosteller Award for Contributions to Research Synthesis Methodology given by the International Campbell Collaboration. In 2008, he received the Ingram Olkin Award for Distinguished Lifetime Contribution to Research Synthesis from the Society for Research Synthesis Methodology. Dr. Cooper was Editor-in-Chief of the American Psychological Association’s Handbook of Research Methods in Psychology (2012). The Handbook includes over 100 chapters on various aspects of research design and analysis, including both qualitative and quantitative approaches to research. He chaired the first APA committee that developed guidelines for information about research that should be included in manuscripts submitted to APA journals. In 2011, he published a book on the topic, titled Reporting Research in Psychology: How to Meet the New Standards for Journal Articles (2nd edition anticipated, 2019). Dr. Cooper also studies the application of social and developmental psychology to education policy. In particular, he studies the relationship between time and learning. Most people think about how time relates to learning in terms of time in school (class time, instructional time, time-on-task). Dr. Cooper’s work zooms out from the school day rather than in. He focuses on issues related to (a) the school day and school calendar and (b) academic-related contexts children find themselves in when school is not in session. Dr. Cooper has studied homework for over 25 years. His synthesis of homework research received the 2007 Outstanding Review of Research Award from the American Educational Research Association. It also provided the evidence base for his guide to policy and practice, titled The Battle over Homework: Common Ground for Administrators, Teachers, and Parents (3rd edition, 2007). His research on homework has had an impact on schools nationwide. In addition to working directly with parents, schools and school districts, his work has been highlighted frequently in national media. He has been a guest on NBC Dateline, CBS This Morning, ABC Nightly News and Good Morning America, CNN Headline News, Nickelodeon Nick News, and The Oprah Winfrey Show. On radio, he has appeared on The Larry King Show, NPR’s Talk of the Nation, Now Hear This, and the Mitch Ablom Show. Coverage of his work has also appeared in the New York Times, Wall Street Journal, Newsweek, Time, Readers´ Digest, the New Yorker and USA Today Weekend, as well as every major metropolitan newspaper. More specialized publications also have provided coverage of his work, including Parents, Parenting, and Child magazines, NEA Today, and The American Teacher. Dr. Cooper and his students also study the impact of school calendars and calendar variations on students and their families. Their research syntheses on summer learning loss and modified school calendars were published in Review of Educational Research. In 2000, their monograph titled Making the Most of Summer School was published by the Society for Research on Child Development. He and his students have also completed syntheses of research on the effects of full-day kindergarten and extending the school year and the school day (both published in Review of Educational Research, 2010). Most recently, Dr. Cooper and his students turned their attention to research on how well and with what affect students can grade their own and their peers’ academic assignments. From 1992 to 1998, Dr. Cooper served as an elected member of the Columbia, MO, Board of Education, at that time a school district with a $100 million budget serving 16,000 students. In 1997, he won the American Educational Research Association’s Award for Interpretive Scholarship for his article “Speaking Power to Truth: Reflections of an Educational Researcher after Four Years of School Board Service.” Dr. Cooper served on the National Academy of Sciences’ Committee on the Use of Social Science Knowledge in Public Policy (2007-2012). Dr. Cooper served as editor for the Psychological Bulletin from 2003 through mid-2009. Psychological Bulletin is in the top 5 social science journals in total citations and impact factor. He was the Chair of the APA Council of Editors in 2006 and was a member of the committee that revised the APA Publication Manual (2010). In 2012, Dr. Cooper became the inaugural co-editor of the Archives of Scientific Psychology, APA’s first open methods, collaborative data sharing, open access journal. He remained as editor until 2015. From 2009 to 2015, Dr. Cooper served as the Chief Editorial Advisor for the APA’s journal publishing program. In this role, he served as a resource to the editors of APA’s 70+ journals as well as the mediator of disputes between editors and authors and between authors and authors. Dr. Cooper’s book, Ethical Choices in Research: Managing Data, Writing Reports, and Publishing Results in the Social Sciences (2016), draws from the experience as well as a review the related scholarship. The book goes beyond the proper treatment of human research subjects to examine frequently neglected ethical issues that arise after data has been collected. Dr. Cooper served as the Chair of the Department of Psychology & Neuroscience at Duke University from 2009 to2014. He also served as Chair of the Department of Psychological Sciences at the University of Missouri and Director of Duke University’s Program in Education.",0,"Overview Harris Cooper received his Ph.D. || From 1977 to 2003, he was on the faculty at the University of Missouri. || In 2003, he moved to Duke University where he is now Hugo L.",auto_pronoun_needs_audit,1,1975,University of Connecticut,51,0,0,FALSE,2026-09-28,success,0,31,8,man,"Overview Harris Cooper received his Ph.D. || From 1977 to 2003, he was on the faculty at the University of Missouri. || In 2003, he moved to Duke University where he is now Hugo L.",Harris,NA,NA,NA,profile_pronouns,NA,NA,0
Psychology & Neuroscience,james.shah,https://scholars.duke.edu/person/james.shah,James Shah,Psychology & Neuroscience,1,126,25.200000000000003,25,0.20000000000000284,0.1984126984126984,5.04,322,"The last two decades have seen the increasing integration of two formerly disparate research traditions in psychology, that of motivation and cognition. Nowhere has the benefit of this new synergy been more evident than in the study of the nature and process of goal pursuit. In defining a future state of affairs to approach or avoid, goals serve as motivational points of reference for the fulfillment of regulatory needs. But goals are also knowledge structures and, as such, follow many of the same principles of acquisition, activation, change, and organization that have been articulated in the extensive research on knowledge representation. Our research examines goals from both perspectives : It notes, for instance, the significance of goals¹ regulatory function and accessibility for determining emotional experience and attainment behavior as well as the nature, determinants, and implications of goal structure. In focusing on both the regulatory and epistemic nature of goal pursuit, we have paid particularly close attention to the impact of these different properties on subjective experience and behavior. We have recently begun to apply this ""synergistic"" approach to an analysis of interpersonal phenomena, exploring how our interactions and experiences with other individuals and groups may often help us fulfill our own regulatory needs and to define our social reality. Indeed, we have begun to amass compelling evidence suggesting that how we feel about, and behave toward, other individuals and groups may be significantly affected by our needs for accomplishment, security and cognitive closure. Thus, in broad sense, our approach has led us to consider the independent and interactive effects of motivation and cognition and to explore the implications for how we feel and act, both with respect to our own pursuits and to the world around us.",0,NA,auto_pronoun_needs_audit,1,1996,Columbia University,30,0,0,FALSE,2026-09-28,success,0,0,0,man,NA,James,NA,NA,NA,first_name_ssa_95pct,NA,NA,0
Psychology & Neuroscience,curry005,https://scholars.duke.edu/person/curry005,John F. Curry,Psychology & Neuroscience,1,126,25.200000000000003,25,0.20000000000000284,0.1984126984126984,5.04,322,"Development and investigation of cognitive-behavioral interventions, alone and in combination with medication,for the treatment of adolescent major depression and substance abuse. Treatment outcome in large multi-site trials and in community care settings. Translation of efficacious treatments into community settings, such as brief motivational interviewing and CBT for teen and young adult substance abuse. We have written and tested the manuals for CBT in the Treatment for Adolescents with Depression Study (TADS)and contributed to those for the Treatment of Adolescent Suicide Attempters Study (TASA). Cognitive and behavioral processes contributing to adolescent depression, including attributions, self-perceptions, and coping responses.",0,John Curry comments: Database may help identify veterans on the edge View All News Items Recent Scholarly Works Mothers' Perceptions of System-Related Burden Following Their Youth's Psychiatric Hospitalization: A Longitudinal Qualitative Study.,auto_pronoun_needs_audit,1,1978,Catholic University of America,48,0,0,FALSE,2026-09-28,success,0,0,1,man,John Curry comments: Database may help identify veterans on the edge View All News Items Recent Scholarly Works Mothers' Perceptions of System-Related Burden Following Their Youth's Psychiatric Hospitalization: A Longitudinal Qualitative Study.,John,NA,NA,NA,first_name_ssa_95pct,NA,NA,0
Psychology & Neuroscience,woldorff,https://scholars.duke.edu/person/woldorff,Marty G. Woldorff,Psychology & Neuroscience,1,126,25.200000000000003,25,0.20000000000000284,0.1984126984126984,5.04,322,"Dr. Woldorff's main research interest is in the cognitive neuroscience of attention. At each and every moment of our lives, we are bombarded by a welter of sensory information coming at us from a myriad of directions and through our various sensory modalities -- much more than we can fully process. We must continuously select and extract the most important information from this welter of sensory inputs. How the human brain accomplishes this is one of the core challenges of modern cognitive neuroscience. Dr. Woldorff uses a combination of electrophysiological (ERP, MEG) and functional neuroimaging (fMRI) methods to study the time course, functional neuroanatomy, and mechanisms of attentional processes. This multimethodological approach is directed along several main lines of research: (1) The influence of attention on sensory and perceptual processing; (2) Cognitive and attentional control mechanisms; (3) The role of attention in multisensory environments; (4) The interactive relationship between attention and reward; and (5) The role of attention in perceptual awareness.",NA,NA,manual_review_required,1,1989,"University of California, San Diego",37,0,1,FALSE,2026-09-28,success,0,0,0,unknown,NA,Marty,0.8831,0.1169,NA,manual_review,NA,0,0
Psychology & Neuroscience,melanie.bonner,https://scholars.duke.edu/person/melanie.bonner,Melanie Jean Bonner,Psychology & Neuroscience,1,126,25.200000000000003,25,0.20000000000000284,0.1984126984126984,5.04,322,My current research efforts focus on evaluating and remediating cognitive functioning in children with illnesses that impact the central nervous system. Current projects include: 1) evaluation of a cognitive intervention for children with sickle cell disease; 2) intervention aimed at improving adherence to medication regiments in children with sickle cell disease; and 3) remediation of cognitive deficits in children undergoing treatment for pediatric tumors. I also consult on several multi-center projects aimed at evaluating cognitive functioning and quality of life in children with disease.,1,NA,auto_pronoun_needs_audit,1,1995,Virginia Polytech Institute and State University,31,0,0,FALSE,2026-09-28,success,0,0,0,woman,NA,Melanie,NA,NA,NA,first_name_ssa_95pct,NA,NA,1
Psychology & Neuroscience,michael.tomasello,https://scholars.duke.edu/person/michael.tomasello,Michael Tomasello,Psychology & Neuroscience,1,126,25.200000000000003,25,0.20000000000000284,0.1984126984126984,5.04,322,"Major research interests in processes of social cognition, social learning, cooperation, and communication from developmental, comparative, and cultural perspectives. Current theoretical focus on processes of shared intentionality. Empirical research mainly with human children from 1 to 4 years of age and great apes. Personal Website: miketomasello.com",0,"Journal article The Behavioral and brain sciences · July 2026 Within their peer cultures, children not only teach and socially learn from one another, but they also prompt one another to confront and adapt to different, coequal perspectives in a way that superintending adults cannot do.",auto_pronoun_needs_audit,1,1980,University of Georgia,46,0,1,FALSE,2026-09-28,success,0,0,2,man,"Journal article The Behavioral and brain sciences · July 2026 Within their peer cultures, children not only teach and socially learn from one another, but they also prompt one another to confront and adapt to different, coequal perspectives in a way that superintending adults cannot do.",Michael,NA,NA,NA,first_name_ssa_95pct,NA,NA,0
Psychology & Neuroscience,nicole.schrammsapyta,https://scholars.duke.edu/person/nicole.schrammsapyta,Nicole Lewellyn Schramm-Sapyta,Psychology & Neuroscience,1,126,25.200000000000003,25,0.20000000000000284,0.1984126984126984,5.04,322,"Dr. Schramm-Sapyta earned her bachelor’s degree in Biochemistry from N.C. State University in 1994 and her doctoral degree in Pharmacology from Vanderbilt University in 2000. She is currently an associate professor of the practice and Associate Director of the Duke Institute for Brain Sciences. She has a long-standing interest in the neurobiology of drug addiction, using rodent models to investigate adolescent vulnerability to addiction. Her scientific expertise in this area supports her passion to bring scientific and clinical knowledge to inform public policy and educate the public about mental health and addiction. Her course offerings at Duke include “Drugs and the Law,” “Reward and Addiction,” and “Biological Bases of Behavior.” She co-leads a Bass Connections team on the subject of “Mental Health and the Justice System in Durham County.” Her early career was dedicated to exploring the biological basis of drug addiction using rodent behavioral models, with a particular interest in adolescent vulnerability to addiction. This work led her to appreciate the importance of resilience and mental health in individuals and society as a whole, and the role the public policy can play in this area.",1,Schramm-Sapyta earned her bachelor’s degree in Biochemistry from N.C. || State University in 1994 and her doctoral degree in Pharmacology from Vanderbilt University in 2000. || She is currently an associate professor of the practice and Associate Director of the Duke Institute for Brain Sciences.,auto_pronoun_needs_audit,1,2000,Vanderbilt University,26,0,1,FALSE,2026-09-28,success,10,0,2,woman,Schramm-Sapyta earned her bachelor’s degree in Biochemistry from N.C. || State University in 1994 and her doctoral degree in Pharmacology from Vanderbilt University in 2000. || She is currently an associate professor of the practice and Associate Director of the Duke Institute for Brain Sciences.,Nicole,NA,NA,NA,profile_pronouns,NA,NA,1
Psychology & Neuroscience,patty.vancappellen,https://scholars.duke.edu/person/patty.vancappellen,Patty Van Cappellen,Psychology & Neuroscience,1,126,25.200000000000003,25,0.20000000000000284,0.1984126984126984,5.04,322,"I am a social psychologist interested in the affective and motivational determinants and consequences of religious/spiritual practices and beliefs. I am also active in the domains of happiness/positive psychology, meditation, health behavior maintenance, and intergroup relations. See my Belief, Affect, and Behavior Lab webpage for more information (https://sites.duke.edu/bablab/). I am also the Director of the Interdisciplinary Behavioral Research Center (IBRC). The IBRC is an experimental research lab that manages and administers a variety of resources to Duke researchers engaged in social and behavioral science. The IBRC offers free research space (5,000 square feet of group and individual testing rooms equipped with computers), ample free parking, access to a large community participant pool, staff support, and research grants. See ibrc.duke.edu for more information.",1,NA,auto_pronoun_needs_audit,1,2012,Catholic University of Leuven (Belgium),14,0,1,FALSE,2026-09-28,success,0,0,0,woman,NA,Patty,NA,NA,NA,first_name_ssa_95pct,NA,NA,1
Psychology & Neuroscience,Phia.Salter,https://scholars.duke.edu/person/Phia.Salter,Phia S Salter,Psychology & Neuroscience,1,126,25.200000000000003,25,0.20000000000000284,0.1984126984126984,5.04,322,"I am a social psychologist who approaches the study of racism and other forms of oppression from cultural psychological and critical race psychology perspectives. In one line of research, I focus on the bi-directional relationships between collective memory, history, and identity. I am particularly interested in knowledge of critical histories, which focus on historical systems of oppression. People do not typically have firsthand knowledge of foundational historical events; so, cultural repositories of memory like school classrooms, textbooks, museums, and/or national holidays necessarily facilitate our access to the historical past. However, these cultural sites of memory are not neutral or objective accounts of past realities; instead, they are infused with the identity concerns of the past and the present. In one direction, I am interested in how different accounts of the historical past shape our identities, our beliefs, and our actions in the present. Also, I am interested in the other direction, whereby our current beliefs, identities, and cultural practices shape what we ‘know’ about the historical past. In another line of research, I focus on theorizing racism as a systemic phenomenon embedded in cultural context. Racism, like culture, is embedded in our everyday worlds in both obvious and very subtle ways. Examining how racism is built into the context—perhaps especially the everyday context—can can help us understand its continuing impact. In line with understanding racism as a systemic force, I have also advanced the development of Critical Race Psychology (CRP), which integrates insights from Critical Race Theory and critical perspectives in psychological science. CRP challenges psychologists to examine how social and cultural institutions (including in our own field) both bear the traces of and function to reproduce racialized power structures. In the classroom, I focus on equipping students with the tools needed to ask and answer difficult questions about race, culture, identity, and justice. My teaching and mentoring practices are meant to create and maintain learning experiences that are inclusive of the different ways people express their identities and experiences in the world. My goal is to facilitate dialogue, critical thinking, and action that empowers students to identify, articulate, and challenge the social inequalities they see.",NA,"However, these cultural sites of memory are not neutral or objective accounts of past realities; instead, they are infused with the identity concerns of the past and the present. || My teaching and mentoring practices are meant to create and maintain learning experiences that are inclusive of the different ways people express their identities and experiences in the world. || My goal is to facilitate dialogue, critical thinking, and action that empowers students to identify, articulate, and challenge the social inequalities they see.",manual_review_required,1,2010,University of Kansas,16,0,0,FALSE,2026-09-28,success,0,0,4,unknown,"However, these cultural sites of memory are not neutral or objective accounts of past realities; instead, they are infused with the identity concerns of the past and the present. || My teaching and mentoring practices are meant to create and maintain learning experiences that are inclusive of the different ways people express their identities and experiences in the world. || My goal is to facilitate dialogue, critical thinking, and action that empowers students to identify, articulate, and challenge the social inequalities they see.",Phia,NA,NA,NA,manual_review,NA,1,1
Psychology & Neuroscience,alison.adcock,https://scholars.duke.edu/person/alison.adcock,Rachel Alison Adcock,Psychology & Neuroscience,1,126,25.200000000000003,25,0.20000000000000284,0.1984126984126984,5.04,322,"Dr. Adcock received her undergraduate degree in psychology from Emory University and her MD and PhD in Neurobiology from Yale University. She completed her psychiatry residency training at Langley Porter Psychiatric Institute at UC-San Francisco and did neurosciences research as a postdoctoral fellow at UC-SF, the San Francisco VA Medical Center, and Stanford before joining the Duke faculty in 2007. Her work has been funded by NIDA, NIMH, NSF and Alfred P. Sloan and Klingenstein Fellowships in the Neurosciences, and the Brain & Behavior Research Foundation, and honored by NARSAD awards, the 2012 National Academy of Sciences Seymour Benzer Lectureship, and the 2015 ABAI BF Skinner Lectureship. The overall goals of her research program are to understand how brain systems for motivation support learning and to use mechanistic understanding of how behavior changes biology to meet the challenge of developing new therapies appropriate for early interventions for mental illness.",1,"Adcock received her undergraduate degree in psychology from Emory University and her MD and PhD in Neurobiology from Yale University. || She completed her psychiatry residency training at Langley Porter Psychiatric Institute at UC-San Francisco and did neurosciences research as a postdoctoral fellow at UC-SF, the San Francisco VA Medical Center, and Stanford before joining the Duke faculty in 2007. || Her work has been funded by NIDA, NIMH, NSF and Alfred P.",auto_pronoun_needs_audit,1,1999,Yale University,27,0,1,FALSE,2026-09-28,success,6,0,0,woman,"Adcock received her undergraduate degree in psychology from Emory University and her MD and PhD in Neurobiology from Yale University. || She completed her psychiatry residency training at Langley Porter Psychiatric Institute at UC-San Francisco and did neurosciences research as a postdoctoral fellow at UC-SF, the San Francisco VA Medical Center, and Stanford before joining the Duke faculty in 2007. || Her work has been funded by NIDA, NIMH, NSF and Alfred P.",Rachel,NA,NA,NA,profile_pronouns,NA,NA,1
Psychology & Neuroscience,redfordw,https://scholars.duke.edu/person/redfordw,Redford B. Williams Jr.,Psychology & Neuroscience,1,126,25.200000000000003,25,0.20000000000000284,0.1984126984126984,5.04,322,"My research aims to identify psychosocial factors that are involved in the pathogenesis and course of major medical disorders, to characterize the biobehavioral mechanisms whereby such factors influence disease, and to develop both behavioral and pharmacologic means of preventing or ameliorating the adverse impact of psychosocial factors on health and disease. Specific projects that are currently active include: 1) The influence of hostile personality, social isolation, depression and other psychosocial risk factors upon the development and course of cardiometabolic disease; 2) Biological and genetic mechanisms whereby psychosocial risk factors influence disease development and course; and 3) Behavioral and pharmacologic approaches to ameliorate impact of psychosocial risk factors on disease risk and course.",0,NA,auto_pronoun_needs_audit,0,NA,NA,NA,NA,0,FALSE,2026-09-28,success,0,0,0,man,NA,Redford,NA,NA,NA,first_name_ssa_95pct,NA,NA,0
Psychology & Neuroscience,mazuka,https://scholars.duke.edu/person/mazuka,Reiko Mazuka CV,Psychology & Neuroscience,1,126,25.200000000000003,25,0.20000000000000284,0.1984126984126984,5.04,322,"Language acquisition and psycholinguistics. In particular, she is interested in the development and consequences of acquiring very different types of languages. The research has taken a cross-linguistic approach between English and Japanese, and her current research involves the following three areas: (1) study of sentence comprehension strategies by adult and child speakers of Japanese and English; (2) cross- linguistic study of infants' speech perception; and (3) influence of acquiring language specific categories on cognition.",1,"In particular, she is interested in the development and consequences of acquiring very different types of languages. || The research has taken a cross-linguistic approach between English and Japanese, and her current research involves the following three areas: (1) study of sentence comprehension strategies by adult and child speakers of Japanese and English; (2) cross- linguistic study of infants' speech perception; and (3) influence of acquiring language specific categories on cognition.",auto_pronoun_needs_audit,1,1990,Cornell University,36,0,0,FALSE,2026-09-28,success,2,0,0,woman,"In particular, she is interested in the development and consequences of acquiring very different types of languages. || The research has taken a cross-linguistic approach between English and Japanese, and her current research involves the following three areas: (1) study of sentence comprehension strategies by adult and child speakers of Japanese and English; (2) cross- linguistic study of infants' speech perception; and (3) influence of acquiring language specific categories on cognition.",Reiko,NA,NA,NA,profile_pronouns,NA,NA,1
Psychology & Neuroscience,rick.larrick,https://scholars.duke.edu/person/rick.larrick,Richard P. Larrick,Psychology & Neuroscience,1,126,25.200000000000003,25,0.20000000000000284,0.1984126984126984,5.04,322,"Rick Larrick is the Hanes Corporation Foundation Professor and a Professor of Management and Organizations at Duke University's Fuqua School of Business. Larrick’s research interests include individual, group, and organizational decision making. Specific areas of research examine environmental decision making, negotiation, group decision making, goal setting, and “debiasing” (techniques for helping people make better decisions). His research asks three main questions: “How accurate are people’s intuitive decisions?”, “How can intuitive decisions be improved?”, and “What motivates people to make decisions that benefit society?” He has two areas of research that are his current focus: Environmental decisions and “the wisdom of crowds.” Environmental Decisions. In 2008, Larrick published an article in Science with Jack Soll called “The MPG Illusion” calling for the adoption of fuel consumption, not fuel efficiency, as the appropriate metric for evaluating technology improvements. The argument was featured in two National Research Council reports published in 2010 (Technologies and Approaches to Reducing the Fuel Consumption of Medium- and Heavy-Duty Vehicles; Assessment of Fuel Economy Technologies for Light-Duty Vehicles). The 2013 EPA labels for automobiles include a fuel consumption metric (“gallons per 100 miles metric”) as well as translations of gas consumption to fuel costs and to greenhouse gas emissions. Larrick’s current research explores behavioral aspects of energy use and environmental decisions. Wisdom of Crowds. In a second line of research, Larrick has examined the benefit of combining judgments across multiple judges when making uncertain estimates, such as sales or stock forecasts. The average of such judgments is necessarily more accurate than the average judge (which the author James Surowiecki named “The Wisdom of Crowds”). Combining judgments is often more effective than trying to rely on a single expert. However, many people misunderstand the benefits of averaging and prefer to rely on single experts. Larrick’s research examines the conditions under which combining judgments is effective and the psychology of when people rely on or resist using the judgments of others. In a recent line of research, Larrick and his colleagues showed that powerful leaders tend to impair team decision making by dominating team discussions. Larrick has published in psychology, management, and general science journals, including the Journal of Personality and Social Psychology, Psychological Review, Proceedings of the National Academy of Sciences, Cognitive Psychology, Management Science, Academy of Management Journal, and Organizational Behavior and Human Decision Processes. He is an associate editor for the journal Management Science and on the editorial boards of Psychological Science, Organizational Behavior and Human Decision Processes, and the Journal of Behavioral Decision Making. He has served on the editorial boards of Personality and Social Psychological Review and Personality and Social Psychological Bulletin. He designed and teaches the core Fuqua MBA course on leadership and management in the daytime program, entitled “Leadership, Ethics, and Organizations,” and has taught MBA and executive courses on leadership, negotiation, and power and politics in organizations. Larrick is a fellow of the Association for Psychological Science and the incoming President of the Society for Judgment and Decision Making. Larrick received his Ph. D. in social psychology from the University of Michigan in 1991. Prior to joining Duke in 2001, he taught at Northwestern’s Kellogg Graduate School of Management (1991-1993) and at the University of Chicago’s Graduate School of Business (1993-2001). Larrick received his B.A. in psychology and economics from the College of William and Mary.",0,"His research asks three main questions: “How accurate are people’s intuitive decisions?”, “How can intuitive decisions be improved?”, and “What motivates people to make decisions that benefit society?” He has two areas of research that are his current focus: Environmental decisions and “the wisdom of crowds.” Environmental Decisions. || In a recent line of research, Larrick and his colleagues showed that powerful leaders tend to impair team decision making by dominating team discussions. || He is an associate editor for the journal Management Science and on the editorial boards of Psychological Science, Organizational Behavior and Human Decision Processes, and the Journal of Behavioral Decision Making.",auto_pronoun_needs_audit,1,1991,"University of Michigan, Ann Arbor",35,0,1,FALSE,2026-09-28,success,0,10,3,man,"His research asks three main questions: “How accurate are people’s intuitive decisions?”, “How can intuitive decisions be improved?”, and “What motivates people to make decisions that benefit society?” He has two areas of research that are his current focus: Environmental decisions and “the wisdom of crowds.” Environmental Decisions. || In a recent line of research, Larrick and his colleagues showed that powerful leaders tend to impair team decision making by dominating team discussions. || He is an associate editor for the journal Management Science and on the editorial boards of Psychological Science, Organizational Behavior and Human Decision Processes, and the Journal of Behavioral Decision Making.",Richard,NA,NA,NA,profile_pronouns,NA,NA,0
Psychology & Neuroscience,tjstraum,https://scholars.duke.edu/person/tjstraum,Timothy J. Strauman,Psychology & Neuroscience,1,126,25.200000000000003,25,0.20000000000000284,0.1984126984126984,5.04,322,"Professor Strauman’s work is grounded in the premise that mental health and well-being are fundamentally shaped by self-regulation—how individuals pursue goals, respond to challenges, and adapt over time. His research integrates clinical psychology, affective neuroscience, and behavioral science to characterize the psychological and neurobiological systems that support self-regulation, and to understand how disruptions in these systems contribute to vulnerability to depression and related conditions. Across a program of experimental, clinical, and neuroimaging research, his work has examined self-regulation as a multi-level system, including its cognitive and motivational mechanisms, its development through socialization, and its links to affective and immunological processes. This work has also informed the development and evaluation of novel interventions targeting self-regulatory dysfunction. More recently, his work has focused on translating this science of self-regulation into scalable, AI-informed approaches to intervention and prevention. This includes the development of new models of treatment that target regulatory processes across disorders, as well as efforts to extend effective self-regulation skills beyond traditional clinical settings and into everyday contexts. This translational focus reflects a broader aim of building integrated, system-level approaches to mental health that can improve outcomes at population scale, using the capabilities of AI responsibly and creating the most effective synergy of human professional augmented by machine-based intelligence.",0,"His research integrates clinical psychology, affective neuroscience, and behavioral science to characterize the psychological and neurobiological systems that support self-regulation, and to understand how disruptions in these systems contribute to vulnerability to depression and related conditions. || Across a program of experimental, clinical, and neuroimaging research, his work has examined self-regulation as a multi-level system, including its cognitive and motivational mechanisms, its development through socialization, and its links to affective and immunological processes. || More recently, his work has focused on translating this science of self-regulation into scalable, AI-informed approaches to intervention and prevention.",auto_pronoun_needs_audit,1,1987,New York University,39,0,1,FALSE,2026-09-28,success,0,3,0,man,"His research integrates clinical psychology, affective neuroscience, and behavioral science to characterize the psychological and neurobiological systems that support self-regulation, and to understand how disruptions in these systems contribute to vulnerability to depression and related conditions. || Across a program of experimental, clinical, and neuroimaging research, his work has examined self-regulation as a multi-level system, including its cognitive and motivational mechanisms, its development through socialization, and its links to affective and immunological processes. || More recently, his work has focused on translating this science of self-regulation into scalable, AI-informed approaches to intervention and prevention.",Timothy,NA,NA,NA,profile_pronouns,NA,NA,0
Psychology & Neuroscience,tobias.egner,https://scholars.duke.edu/person/tobias.egner,Tobias Egner CV,Psychology & Neuroscience,1,126,25.200000000000003,25,0.20000000000000284,0.1984126984126984,5.04,322,"My research focuses on the computational and neural mechanisms of cognitive control, the use of internal goals to guide behavior. This involves understanding how people configure and focus on a current task, and how they switch from one task to another. We study these processes using behavioral experiments as well as computational modeling, neuroimaging, and neurostimulation techniques.",0,"This involves understanding how people configure and focus on a current task, and how they switch from one task to another. || Journal article Cogn Sci · September 2026 People adjust how fast they update task rules, depending on the volatility of their environment, by regulating cognitive control accordingly.",auto_pronoun_needs_audit,1,2002,University of London (United Kingdom),24,0,1,FALSE,2026-09-28,success,0,0,3,man,"This involves understanding how people configure and focus on a current task, and how they switch from one task to another. || Journal article Cogn Sci · September 2026 People adjust how fast they update task rules, depending on the volatility of their environment, by regulating cognitive control accordingly.",Tobias,NA,NA,NA,first_name_ssa_95pct,NA,NA,0
Romance Studies,bfv67,https://scholars.duke.edu/person/bfv67,Bethzaida Fernandez,Romance Studies,1,62,12.4,12,0.4000000000000003,0.1935483870967742,5.166666666666667,322,"I teach all levels of Spanish with an emphasis on intermediate and advance level courses with core content on health and Latinx immigration issues. My interests include second-language teaching and learning methodologies, technology in the second language classroom, community-based and service-learning pedagogies, intercultural competence development, Latinx immigrant experiences, Global/Public Heatlh issues related to immigrant populations. I am also interested in the study of happiness and well-being. I direct the Duke in Costa Rica summer abroad program and teach the course Language, Culture and Health in Costa Rica, and coordinate the Intermediate Spanish Language Program (SPAN 203).",1,NA,auto_pronoun_needs_audit,0,NA,NA,NA,NA,0,FALSE,2026-09-28,success,0,0,0,woman,NA,Bethzaida,NA,NA,NA,first_name_ssa_95pct,NA,NA,1
Romance Studies,cesar.delcastillovega,https://scholars.duke.edu/person/cesar.delcastillovega,Cesar Del Castillo,Romance Studies,1,62,12.4,12,0.4000000000000003,0.1935483870967742,5.166666666666667,322,NA,0,NA,auto_pronoun_needs_audit,0,NA,NA,NA,NA,0,FALSE,2026-09-28,success,0,0,0,man,NA,Cesar,NA,NA,NA,first_name_ssa_95pct,NA,NA,0
Romance Studies,ctufts,https://scholars.duke.edu/person/ctufts,Clare J. Tufts,Romance Studies,1,62,12.4,12,0.4000000000000003,0.1935483870967742,5.166666666666667,322,"Second language acquisition, Foreign Language Pedagogy, Bande dessinée",NA,NA,manual_review_required,1,1982,"University of North Carolina, Chapel Hill",44,0,0,FALSE,2026-09-28,success,0,0,0,unknown,NA,Clare,0.0583,0.9417,NA,manual_review,NA,1,1
Romance Studies,germain.choffart,https://scholars.duke.edu/person/germain.choffart,Germain Choffart,Romance Studies,1,62,12.4,12,0.4000000000000003,0.1935483870967742,5.166666666666667,322,"I teach diverse levels of French, with a focus on elementary and advanced courses that integrate key themes of sustainability, disinformation, and intercultural competence. My areas of interest encompass second-language teaching, learning methodologies, service learning, and fostering critical thinking skills. I coordinate the Fr101 level, and I direct the DukeEngage France program. I have worked with Duke's Global Education Office and DukeEngage on other international programs.",NA,NA,manual_review_required,0,NA,NA,NA,NA,0,FALSE,2026-09-28,success,0,0,0,unknown,NA,Germain,0.941,0.059,NA,manual_review,NA,0,0
Romance Studies,karine.provot,https://scholars.duke.edu/person/karine.provot,Karine Provot,Romance Studies,1,62,12.4,12,0.4000000000000003,0.1935483870967742,5.166666666666667,322,NA,1,NA,auto_pronoun_needs_audit,1,2007,University of Cincinnati,19,0,0,FALSE,2026-09-28,success,0,0,0,woman,NA,Karine,NA,NA,NA,first_name_ssa_95pct,NA,NA,1
Romance Studies,kate.driscoll,https://scholars.duke.edu/person/kate.driscoll,Kate Driscoll,Romance Studies,1,62,12.4,12,0.4000000000000003,0.1935483870967742,5.166666666666667,322,"Kate Driscoll is Andrew W. Mellon Assistant Professor of Italian in the Department of Romance Studies at Duke University. Her research centers on early modern Italian literature, chivalric epic poetry, women's writing, classical reception, gender studies, performance history, and opera studies. She focuses especially on literary communities, patronage politics, formal and informal republics of letters, author-reader connections and dynamics, literary hospitality, voice and the spectacle of speech, and musical translations of literary works. Her first book, Tasso and Women Readers: Literary Hospitality in Early Modern Italy (Cambridge University Press), will be available open access in October 2026. This study was awarded the 28th annual Aldo and Jeanne Scaglione Award for a Manuscript in Italian Literary Studies from the Modern Language Association, and the Weiss-Brown Publication Subvention Award from the Newberry Library. Related work on Tasso's encomiastic lyric poetry for women readers won the Premio Tasso 2026, awarded by the Centro di Studi Tassiani of Bergamo, Italy. Her next book examines female prophecy, civic ruin, and the politics of epic inheritance in Renaissance Mantua, Florence, and Ferrara. She is currently collaborating on three projects: with Angelica Duran, she is editing The Edinburgh Companion to Renaissance Women and the Arts. with Beatrice Fazio, she is editing Gender and Geography in Early Modern Italy: Knowledge Production and Transmission (1400-1700). with Jessica Goethals, she is editing and translating Margherita Costa's epic poem-turned-libretto Fertile Flora (Flora feconda, A Mediterranean Epic) for the Other Voice in Early Modern Europe series. Her most recent articles (published and forthcoming) include: ""Vexed Expectations in a Pregnant Genre: Epic, Maternity, and Empire in Margherita Costa's Flora feconda (1640),"" ITER - Immagini e testi per l'Europa del Rinascimento 1 (2026): 109-126 ""Utopia incognita: Tasso's Atlantic and the Decolonial Imagination,"" Journal of Early Modern Studies 15, special issue on “Material Space and Literary Production in Early Modern Europe” (2026): 167-189 ""Laboring in the Library-Gold Mine: Citational Kinship in Luisa Bergalli's Componimenti poetici delle più illustri rimatrici d'ogni secolo (1726),"" forthcoming in Early Modern Women: An Interdisciplinary Journal 21.2 (Fall 2027) Essays and chapters currently in production study the patronage politics of Isabella Pallavicino Lupi of Soragna; the reception of Tasso's life and works by 19th-century English women readers; the intersection between acoustics and affect in Tasso and Monteverdi; the reception of Ariosto's Orlando furioso in Baroque Rome; the cultural and linguistic translation of Gerusalemme liberata in Baroque Naples; and the overlap between genealogical and racialized constructions in the female characters of Pulci's Morgante. Before arriving at Duke, Dr. Driscoll was Visiting Assistant Professor of Italian at Colorado College and a postdoctoral research fellow at Freie Universität Berlin’s Cluster of Excellence, “Temporal Communities: Doing Literature in a Global Perspective.” Her research has been supported by the Huntington Library, the American Philosophical Society, the Ragusa Foundation for the Humanities, the American Philosophical Society, the Renaissance Society of America, the American Council of Learned Societies, the Modern Language Association, the UCLA Center for Medieval and Renaissance Studies, the German Excellence Initiative, and the Gladys Krieble Delmas Foundation. From 2022-2025, she served as co-editor of the Italian Studies Channel on the New Books Network. Her conversations with authors can be found here.",1,"Her research centers on early modern Italian literature, chivalric epic poetry, women's writing, classical reception, gender studies, performance history, and opera studies. || She focuses especially on literary communities, patronage politics, formal and informal republics of letters, author-reader connections and dynamics, literary hospitality, voice and the spectacle of speech, and musical translations of literary works. || Her first book, Tasso and Women Readers: Literary Hospitality in Early Modern Italy (Cambridge University Press), will be available open access in October 2026.",auto_pronoun_needs_audit,1,2020,"University of California, Berkeley",6,0,0,FALSE,2026-09-28,success,13,0,0,woman,"Her research centers on early modern Italian literature, chivalric epic poetry, women's writing, classical reception, gender studies, performance history, and opera studies. || She focuses especially on literary communities, patronage politics, formal and informal republics of letters, author-reader connections and dynamics, literary hospitality, voice and the spectacle of speech, and musical translations of literary works. || Her first book, Tasso and Women Readers: Literary Hospitality in Early Modern Italy (Cambridge University Press), will be available open access in October 2026.",Kate,NA,NA,NA,profile_pronouns,NA,NA,1
Romance Studies,kraig.klingenberg,https://scholars.duke.edu/person/kraig.klingenberg,Kraig Klingenberg,Romance Studies,1,62,12.4,12,0.4000000000000003,0.1935483870967742,5.166666666666667,322,NA,0,NA,auto_pronoun_needs_audit,0,NA,NA,NA,NA,0,FALSE,2026-09-28,success,0,0,0,man,NA,Kraig,NA,NA,NA,first_name_ssa_95pct,NA,NA,0
Romance Studies,luis.navarro.roncero,https://scholars.duke.edu/person/luis.navarro.roncero,Luis Jose Navarro Roncero,Romance Studies,1,62,12.4,12,0.4000000000000003,0.1935483870967742,5.166666666666667,322,NA,0,NA,auto_pronoun_needs_audit,0,NA,NA,NA,NA,0,FALSE,2026-09-28,success,0,0,0,man,NA,Luis,NA,NA,NA,first_name_ssa_95pct,NA,NA,0
Romance Studies,maria.d.gutierrez,https://scholars.duke.edu/person/maria.d.gutierrez,Mar Gutierrez,Romance Studies,1,62,12.4,12,0.4000000000000003,0.1935483870967742,5.166666666666667,322,"I am interested in the development and genealogy of the Spanish language from its Latin roots, the changes occurred due to historical, social, and cultural events that shaped the Medieval Spanish, and the development of the language not only in the Iberian Peninsula, but also in other parts of the globe, especially in the Americas. Changes are ongoing in the current Spanish written language. My latest study: The Decline of the Spanish Accentuated Words. There is a decline in the accentuation of words that need prosodic accent as well as diacritical accent.",NA,NA,manual_review_required,0,NA,NA,NA,NA,0,FALSE,2026-09-28,success,0,0,0,unknown,NA,Mar,0.3348,0.6652,NA,manual_review,NA,1,1
Romance Studies,MarieNatacha.Boum-Biyong,https://scholars.duke.edu/person/MarieNatacha.Boum-Biyong,Marie Natacha Boum-Biyong,Romance Studies,1,62,12.4,12,0.4000000000000003,0.1935483870967742,5.166666666666667,322,NA,1,NA,auto_pronoun_needs_audit,0,NA,NA,NA,NA,0,FALSE,2026-09-28,success,0,0,0,woman,NA,Marie,NA,NA,NA,first_name_ssa_95pct,NA,NA,1
Romance Studies,martin.eisner,https://scholars.duke.edu/person/martin.eisner,Martin Eisner,Romance Studies,1,62,12.4,12,0.4000000000000003,0.1935483870967742,5.166666666666667,322,"Martin Eisner is William Hane Wannamaker Professor of Romance Studies at Duke University. His first three books show how an attention to the materiality of texts can transform our understandings of literary history, whether on the scale of the single manuscript, the single work, or the individual biography. In Boccaccio and the Invention of Italian Literature: Dante, Petrarch, Cavalcanti, and the Authority of the Vernacular (Cambridge UP, 2013), he shows Boccaccio’s crucial role in the construction of the Italian literary tradition by scrutinizing one remarkable manuscript. The book was published in Italian as Boccaccio e l'invenzione della letteratura italiana (Salerno, 2022). In Dante's New Life of the Book: A Philology of World Literature (Oxford UP, 2021), he demonstrates how investigating the transformations of Dante Vita nuova across multiple material forms, from medieval manuscripts to modern movies, can yield new interpretations. The book won the Howard R. Marraro Prize from the Modern Language Association. In Boccaccio, the Disguised Revolutionary, which is part of Reaktion Books's Renaissance Lives series, he brings into focus Boccaccio's innovative thinking about desire, language, gender, cultural diversity, and power through the lens of the manuscripts Boccaccio used and wrote. His next project, provisionally entitled ""Dante's Moon: The Curious History of a Cosmic Question”, proposes a new model of intellectual history that highlights how the reception of Dante’s Paradise produced new discursive spaces of poetry, politics, physics, protest, philology, and pedagogy in the works of Boccaccio, Machiavelli, Galileo, Angela Tarabotti, Vico, and Maria Montessori, respectively. His research has been supported by the Mellon Foundation, the Institute for Advanced Study at Princeton, the American Academy in Rome, the American Philosophical Association, and the Fulbright Foundation.",0,"His first three books show how an attention to the materiality of texts can transform our understandings of literary history, whether on the scale of the single manuscript, the single work, or the individual biography. || In Boccaccio and the Invention of Italian Literature: Dante, Petrarch, Cavalcanti, and the Authority of the Vernacular (Cambridge UP, 2013), he shows Boccaccio’s crucial role in the construction of the Italian literary tradition by scrutinizing one remarkable manuscript. || In Dante's New Life of the Book: A Philology of World Literature (Oxford UP, 2021), he demonstrates how investigating the transformations of Dante Vita nuova across multiple material forms, from medieval manuscripts to modern movies, can yield new interpretations.",auto_pronoun_needs_audit,1,2005,Columbia University,21,0,0,FALSE,2026-09-28,success,0,6,0,man,"His first three books show how an attention to the materiality of texts can transform our understandings of literary history, whether on the scale of the single manuscript, the single work, or the individual biography. || In Boccaccio and the Invention of Italian Literature: Dante, Petrarch, Cavalcanti, and the Authority of the Vernacular (Cambridge UP, 2013), he shows Boccaccio’s crucial role in the construction of the Italian literary tradition by scrutinizing one remarkable manuscript. || In Dante's New Life of the Book: A Philology of World Literature (Oxford UP, 2021), he demonstrates how investigating the transformations of Dante Vita nuova across multiple material forms, from medieval manuscripts to modern movies, can yield new interpretations.",Martin,NA,NA,NA,profile_pronouns,NA,NA,0
Romance Studies,rebecca.ewing,https://scholars.duke.edu/person/rebecca.ewing,Rebecca A Ewing,Romance Studies,1,62,12.4,12,0.4000000000000003,0.1935483870967742,5.166666666666667,322,Bridging the Language-Literature Divide in University content courses: A study on the Oral Proficiency of university Spanish majors and how to improve these students oral proficiency.,1,NA,auto_pronoun_needs_audit,0,NA,NA,NA,NA,0,FALSE,2026-09-28,success,0,0,0,woman,NA,Rebecca,NA,NA,NA,first_name_ssa_95pct,NA,NA,1
Sociology,ayl3,https://scholars.duke.edu/person/ayl3,Arie Y. Lewin,Sociology,1,47,9.4,9,0.4000000000000003,0.1914893617021277,5.222222222222222,322,"Arie Y. Lewin is Professor of Strategy and International Business at Duke University, Fuqua School of Business and is Director of the Center for International Business Education and Research (CIBER). He is elected Fellow of the Academy of International Business. The Organization Management and Theory division of the Academy of Management awarded Professor Lewin the first Joanne Martin Trailblazer Award at the 2008 Annual Meeting. Professor Lewin is Visiting Research Professor at IESE (2005- 2008) and RSM Erasmus University (1998- ) where he is also ERIM Senior Fellow. He was Editor-in-Chief (2002- 2007) of Journal of International Business Studies (JIBS); founding Editor-in-Chief of Organization Science (1989-1998) and the convener of the acclaimed Organization Science Winter Conference (1994 -2010). His current research interests center on strategic renewal and adaptation of organizations within the context of global sourcing of business services and the emerging restructuring of organizations. He is the lead Principal Investigator for the multiyear international Offshoring Research Network (ORN) project which focuses on companies in transition to globalizing their organizations, business functions, processes and services by tracking firm strategies, experiences and future plans related to global delivery of all business functions and administrative and technical work. Current active research projects focus on the globalization of innovation, new organization forms and the emergence of the global service provider industry.. http://faculty.fuqua.duke.edu/ciber/site2006/about/arie.html",NA,He is elected Fellow of the Academy of International Business. || Professor Lewin is Visiting Research Professor at IESE (2005- 2008) and RSM Erasmus University (1998- ) where he is also ERIM Senior Fellow. || He was Editor-in-Chief (2002- 2007) of Journal of International Business Studies (JIBS); founding Editor-in-Chief of Organization Science (1989-1998) and the convener of the acclaimed Organization Science Winter Conference (1994 -2010).,manual_review_required,1,1968,Carnegie Mellon University,58,0,0,FALSE,2026-09-28,success,1,5,2,review_conflict,He is elected Fellow of the Academy of International Business. || Professor Lewin is Visiting Research Professor at IESE (2005- 2008) and RSM Erasmus University (1998- ) where he is also ERIM Senior Fellow. || He was Editor-in-Chief (2002- 2007) of Journal of International Business Studies (JIBS); founding Editor-in-Chief of Organization Science (1989-1998) and the convener of the acclaimed Organization Science Winter Conference (1994 -2010).,Arie,NA,NA,NA,manual_review,NA,0,0
Sociology,daniel.scott.smith,https://scholars.duke.edu/person/daniel.scott.smith,Daniel Scott Smith,Sociology,1,47,9.4,9,0.4000000000000003,0.1914893617021277,5.222222222222222,322,"I study pluralism, innovation, and authority in science using computational tools. My empirical settings are both historical and contemporary, ranging from scientific peer review and publications to patents and legislation.",0,"How do they decide what is quality work? || What values do they apply in evaluating which science merits publicatio ... || Full text Open Access Cite ""you Cannot Sound Like GPT"": Signs of language discrimination and resistance in computer science publishing Conference Acmf Acct 2025 Proceedings of the 2025 ACM Conference on Fairness Accountability and Transparency · June 23, 2025 LLMs have been celebrated for their potential to help multilingual scientists publish their research.",auto_pronoun_needs_audit,1,2022,Stanford University,4,0,1,FALSE,2026-09-28,success,0,0,5,man,"How do they decide what is quality work? || What values do they apply in evaluating which science merits publicatio ... || Full text Open Access Cite ""you Cannot Sound Like GPT"": Signs of language discrimination and resistance in computer science publishing Conference Acmf Acct 2025 Proceedings of the 2025 ACM Conference on Fairness Accountability and Transparency · June 23, 2025 LLMs have been celebrated for their potential to help multilingual scientists publish their research.",Daniel,NA,NA,NA,first_name_ssa_95pct,NA,NA,0
Sociology,emily.ryo,https://scholars.duke.edu/person/emily.ryo,Emily Ryo CV,Sociology,1,47,9.4,9,0.4000000000000003,0.1914893617021277,5.222222222222222,322,"Emily Ryo joined the faculty of Duke Law School in July 2023. She was previously a professor of law and sociology at University of Southern California Gould School of Law, and prior to that, a research fellow at Stanford Law School. She received a JD from Harvard Law School and a PhD in Sociology from Stanford University. She served as a law clerk to the Honorable M. Margaret McKeown of the Ninth Circuit Court of Appeals and practiced law at the international law firm of Cleary, Gottlieb, Steen, and Hamilton. Professor Ryo’s current research focuses on immigration, criminal justice, legal attitudes and legal noncompliance, and procedural justice. She approaches these issues through innovative interdisciplinary lenses, using diverse quantitative and qualitative methods. As an empirical legal scholar, she has published widely in both leading sociology and law journals. Her article with Ian Peacock, “A Study of Pandemic and Stigma Effects in Removal Proceedings,” Journal of Empirical Legal Studies 19(3): 560-593, received the 2023 Article Prize from the Law and Society Association. Professor Ryo has been awarded the National Science Foundation Research Grant, the ABF/JPB Access to Justice Fellowship, and the Andrew Carnegie Fellowship to support her scholarship. She was the recipient of the 2021 William A. Rutter Distinguished Teaching Award at USC Gould School of Law.",1,"She was previously a professor of law and sociology at University of Southern California Gould School of Law, and prior to that, a research fellow at Stanford Law School. || She received a JD from Harvard Law School and a PhD in Sociology from Stanford University. || She served as a law clerk to the Honorable M.",auto_pronoun_needs_audit,1,2011,Stanford University,15,0,0,FALSE,2026-09-28,success,8,0,0,woman,"She was previously a professor of law and sociology at University of Southern California Gould School of Law, and prior to that, a research fellow at Stanford Law School. || She received a JD from Harvard Law School and a PhD in Sociology from Stanford University. || She served as a law clerk to the Honorable M.",Emily,NA,NA,NA,profile_pronouns,NA,NA,1
Sociology,joseph.mcpherson,https://scholars.duke.edu/person/joseph.mcpherson,J. Miller McPherson,Sociology,1,47,9.4,9,0.4000000000000003,0.1914893617021277,5.222222222222222,322,"Most of my research focuses on voluntary groups and the social networks that draw people into and out of them. But my research agenda is more ambitious than that. I think that the general ecological theory of affiliation that I have developed shows how any social entity that spreads through networks behaves. We’ve already applied the theory to occupations, musical tastes, religious congregations, voluntary organizations and other social groups. Now I am working on applying it to fuzzier cultural entities like attitudes, beliefs and social identities. I think that the theory will explain some important things about the behavior of virtually any social characteristic.",NA,Overview Most of my research focuses on voluntary groups and the social networks that draw people into and out of them.,manual_review_required,1,1973,Vanderbilt University,53,0,0,FALSE,2026-09-28,success,0,0,1,unknown,Overview Most of my research focuses on voluntary groups and the social networks that draw people into and out of them.,J,NA,NA,NA,manual_review,NA,0,0
Sociology,jennan.read,https://scholars.duke.edu/person/jennan.read,Jen'nan Read CV,Sociology,1,47,9.4,9,0.4000000000000003,0.1914893617021277,5.222222222222222,322,NA,1,NA,auto_pronoun_needs_audit,1,2001,"University of Texas, Austin",25,0,0,FALSE,2026-09-28,success,0,0,0,woman,NA,Jen,NA,NA,NA,first_name_ssa_95pct,NA,NA,1
Sociology,jessi.streib,https://scholars.duke.edu/person/jessi.streib,Jessi Streib,Sociology,1,47,9.4,9,0.4000000000000003,0.1914893617021277,5.222222222222222,322,"Jessi Streib is a Professor of Sociology at Duke University. Her research uncovers mechanisms and builds theories about how social class inequality is experienced, reproduced, and alleviated. She has published four books: The Power of the Past: Understanding Cross-Class Marriages, Privilege Lost: Who Leaves the Upper Middle Class and How They Fall, The Accidental Equalizer: How Luck Determines Pay After College, and Is it Racist? Is it Sexist? Why Red and Blue White People Disagree and How To Decide in the Gray Areas.",1,"Her research uncovers mechanisms and builds theories about how social class inequality is experienced, reproduced, and alleviated. || She has published four books: The Power of the Past: Understanding Cross-Class Marriages, Privilege Lost: Who Leaves the Upper Middle Class and How They Fall, The Accidental Equalizer: How Luck Determines Pay After College, and Is it Racist? || Current Duke Appointments & Affiliations Professor of Sociology · 2026 - Present Sociology, Trinity College of Arts & Sciences Faculty Research Scholar of DuPRI's Population Research Center · 2014 - Present Duke Population Research Center, Duke Population Research Institute Recent News Items Published June 16, 2025 Summer Reading: Duke Authors’ Hot New Books Published January 8, 2025 A New Study Asks: How Do Kids Figure out Where They Stand Politically?",auto_pronoun_needs_audit,1,2013,"University of Michigan, Ann Arbor",13,0,1,FALSE,2026-09-28,success,2,0,2,woman,"Her research uncovers mechanisms and builds theories about how social class inequality is experienced, reproduced, and alleviated. || She has published four books: The Power of the Past: Understanding Cross-Class Marriages, Privilege Lost: Who Leaves the Upper Middle Class and How They Fall, The Accidental Equalizer: How Luck Determines Pay After College, and Is it Racist? || Current Duke Appointments & Affiliations Professor of Sociology · 2026 - Present Sociology, Trinity College of Arts & Sciences Faculty Research Scholar of DuPRI's Population Research Center · 2014 - Present Duke Population Research Center, Duke Population Research Institute Recent News Items Published June 16, 2025 Summer Reading: Duke Authors’ Hot New Books Published January 8, 2025 A New Study Asks: How Do Kids Figure out Where They Stand Politically?",Jessi,NA,NA,NA,profile_pronouns,NA,NA,1
Sociology,sam.veraldi,https://scholars.duke.edu/person/sam.veraldi,Samuel A Veraldi,Sociology,1,47,9.4,9,0.4000000000000003,0.1914893617021277,5.222222222222222,322,NA,0,NA,auto_pronoun_needs_audit,0,NA,NA,NA,NA,0,FALSE,2026-09-28,success,0,0,0,man,NA,Samuel,NA,NA,NA,first_name_ssa_95pct,NA,NA,0
Sociology,tony.cheng,https://scholars.duke.edu/person/tony.cheng,Tony Cheng,Sociology,1,47,9.4,9,0.4000000000000003,0.1914893617021277,5.222222222222222,322,"I study how the way state power is legitimized shapes inequalities within communities. My book “The Policing Machine: Enforcement, Endorsements, & the Illusion of Public Input” (2024, University of Chicago Press) is about how police resist institutional reforms by cultivating political capital from the community constituents they empower. My research has appeared in journals like the American Journal of Sociology, Criminology, Law & Society Review, and Social Problems. It has won awards from the American Sociological Association, American Society of Criminology, and Law & Society Association, and has been supported by the Russell Sage Foundation and an NSF CAREER Award. I have a Sociology PhD from Yale University and a J.D. from NYU Law School. Personal website: http://www.tonykcheng.com",0,"My book “The Policing Machine: Enforcement, Endorsements, & the Illusion of Public Input” (2024, University of Chicago Press) is about how police resist institutional reforms by cultivating political capital from the community constituents they empower. || Personal website: http://www.tonykcheng.com Current Duke Appointments & Affiliations Assistant Professor of Sociology · 2023 - Present Sociology, Trinity College of Arts & Sciences Recent News Items Published April 11, 2024 Spring Books by Duke Authors: Meditations, Baseball, Rebels and Stomach Pains Published September 5, 2023 Duke Department of Sociology News Tony Cheng Reveals How Police Departments Assert Their Legitimacy and Independence Through the Illusion of Public Input View All News Items Recent Scholarly Works Strategies of Police Legitimation Journal article Sociology Compass · July 1, 2026 The concept of police legitimacy has become central to the study of policing, yet scholarly attention has concentrated on legitimacy as an attitude measured among publics, rather than on the activities that produce legitimacy. || Classic strategies of accessing the hard-to-reach, devised in reference to the vulnerable, do not translate well to state actors because their inaccessibility lies in their instituti ...",auto_pronoun_needs_audit,1,2021,Yale University,5,0,1,FALSE,2026-09-28,success,0,0,4,man,"My book “The Policing Machine: Enforcement, Endorsements, & the Illusion of Public Input” (2024, University of Chicago Press) is about how police resist institutional reforms by cultivating political capital from the community constituents they empower. || Personal website: http://www.tonykcheng.com Current Duke Appointments & Affiliations Assistant Professor of Sociology · 2023 - Present Sociology, Trinity College of Arts & Sciences Recent News Items Published April 11, 2024 Spring Books by Duke Authors: Meditations, Baseball, Rebels and Stomach Pains Published September 5, 2023 Duke Department of Sociology News Tony Cheng Reveals How Police Departments Assert Their Legitimacy and Independence Through the Illusion of Public Input View All News Items Recent Scholarly Works Strategies of Police Legitimation Journal article Sociology Compass · July 1, 2026 The concept of police legitimacy has become central to the study of policing, yet scholarly attention has concentrated on legitimacy as an attitude measured among publics, rather than on the activities that produce legitimacy. || Classic strategies of accessing the hard-to-reach, devised in reference to the vulnerable, do not translate well to state actors because their inaccessibility lies in their instituti ...",Tony,NA,NA,NA,first_name_ssa_95pct,NA,NA,0
Sociology,tyson.brown1,https://scholars.duke.edu/person/tyson.brown1,Tyson Brown CV,Sociology,1,47,9.4,9,0.4000000000000003,0.1914893617021277,5.222222222222222,322,"Tyson H. Brown is Professor of Sociology and Medicine at Duke University, where he directs the Samuel DuBois Cook Center on Social Equity. A medical sociologist, race scholar, and population health scientist, his research integrates innovative theoretical frameworks with advanced data science and statistical methods to examine the causes, consequences, and solutions to racial inequality, with the aim of advancing knowledge, informing policy, and fostering a more equitable society (see personal website). Dr. Brown’s research has led to high-impact publications in top journals across sociology, demography, gerontology, population health, and health policy (CV). His scholarly contributions have been recognized with awards from the American Sociological Association and Duke University, and his work has fostered interdisciplinary collaborations with scholars nationwide, including through engagements with the National Academies. He has held appointments as a resident fellow at Oxford University and as the inaugural Duke Presidential Fellow. His research and training have been supported by competitive grants from the Robert Wood Johnson Foundation, the Ford Foundation, and the National Institutes of Health. Professor Brown’s current program of research focuses on the scientific study of structural racism as a fundamental cause of health inequality. By developing theoretically-informed, innovative and rigorous methods for quantifying structural racism—across economic, educational, political, housing, and criminal-legal domains—and its effects on population health, his research provides empirical evidence on why racialized health inequities exist. Moreover, by mapping the geography of structural racism, his work identifies where racially discriminatory contexts are particularly severe and pernicious. Brown is actively engaged in service at both the university and national levels. At Duke, he has served on the Academic Council—Duke’s faculty senate—and on its Executive Committee, contributing to faculty governance and university-wide strategic planning. Nationally, he has held leadership roles in prominent professional organizations, including serving on the Board of Directors of the Population Association of America and on the editorial boards of leading scholarly journals. In addition to institutional service, Professor Brown is deeply committed to mentorship. He works closely with Duke students, postdoctoral fellows, and early-career scholars, including through programs supported by the Russell Sage Foundation and the Robert Wood Johnson Foundation that aim to strengthen the pipeline of future social scientists. Representative Publications: Brown Tyson H, Patricia Homan and Victor Ray. 2025. ""Advancing the Scientific Study of Structural Racism: Concepts, Measures, and Methods."" Annual Review of Sociology 51:24.1-24.23 https://doi.org/10.1146/annurev-soc-090924-021305 Brown, Tyson H., Hedwig E. Lee, Eduardo Bonilla-Silva, Margaret T. Hicken, and Patricia Homan. 2025. “Conceptualizing and Measuring Systemic Racism.” Annual Review of Public Health 46:28.1–28.22. https://doi.org/10.1146/annurev-publhealth-060222-032022 Research Agenda for Increasing Economic and Social Mobility in the United States. National Academies of Sciences, Engineering, and Medicine. 2025. Washington, DC: The National Academies Press. (co-author). Brown, Tyson H. and Patricia Homan. 2024. “Structural Racism and Health Stratification: Connecting Theory to Measurement.” Journal of Health and Social Behavior. https://doi.org/10.1177/0022146523122292 Brown, Tyson H., Taylor W. Hargrove, Patricia A. Homan and Daniel E. Adkins. 2023. “Racialized Health Inequities: Quantifying Socioeconomic and Stress Pathways Using Moderated Mediation.” Demography, 60(3): 675-705. https://doi.org/10.1215/00703370-10740718 Brown, Tyson H. and Patricia Homan. 2023. “The Future of Social Determinants of Health: Looking Upstream to Structural Drivers.” Milbank Quarterly, 101(S1): 36-60. https://doi.org/10.1111/1468-0009.12641 Brown, Tyson H., Christina Kamis and Patricia Homan. 2022. “Empirical Evidence on Structural Racism as a Driver of Racial Inequalities in COVID-19 Mortality.” Frontiers in Public Health. doi: 10.3389/fpubh.2022.1007053 Homan, Patricia A. and Tyson H. Brown. 2022. “Sick and Tired of Being Excluded: Structural Racism in Disenfranchisement as a Threat to Population Health.” Health Affairs, 41(2): 219-227. Hardeman, Rachel, Patricia Homan, Tongtan Chantarat, Brigette Davis and Tyson Brown. 2022. “We Can’t Change What We Don’t Measure: Improving Measurement of Structural Racism for Antiracist Health Policy Research.” Health Affairs, 41(2): 179-186. Brown, Tyson H. 2018. “Racial Stratification, Immigration, and Health Inequality: A Life Course-Intersectional Approach.” Social Forces, 96(4):1507-1540. Brown, Tyson H., Liana J. Richardson, Taylor W. Hargrove and Courtney S. Thomas. 2016. “Using Multiple-Hierarchy Stratification Approaches to Understand Health Inequalities: The Intersecting Consequences of Race, Gender, SES and Age.” Journal of Health and Social Behavior, 57(2):200-222.",0,"Brown is Professor of Sociology and Medicine at Duke University, where he directs the Samuel DuBois Cook Center on Social Equity. || A medical sociologist, race scholar, and population health scientist, his research integrates innovative theoretical frameworks with advanced data science and statistical methods to examine the causes, consequences, and solutions to racial inequality, with the aim of advancing knowledge, informing policy, and fostering a more equitable society (see personal website). || His scholarly contributions have been recognized with awards from the American Sociological Association and Duke University, and his work has fostered interdisciplinary collaborations with scholars nationwide, including through engagements with the National Academies.",auto_pronoun_needs_audit,1,2008,"University of North Carolina, Chapel Hill",18,0,1,FALSE,2026-09-28,success,0,11,0,man,"Brown is Professor of Sociology and Medicine at Duke University, where he directs the Samuel DuBois Cook Center on Social Equity. || A medical sociologist, race scholar, and population health scientist, his research integrates innovative theoretical frameworks with advanced data science and statistical methods to examine the causes, consequences, and solutions to racial inequality, with the aim of advancing knowledge, informing policy, and fostering a more equitable society (see personal website). || His scholarly contributions have been recognized with awards from the American Sociological Association and Duke University, and his work has fostered interdisciplinary collaborations with scholars nationwide, including through engagements with the National Academies.",Tyson,NA,NA,NA,profile_pronouns,NA,NA,0
Statistical Science,dawn.strickland,https://scholars.duke.edu/person/dawn.strickland,Dawn Michelle Strickland,Statistical Science,1,31,6.2,6,0.20000000000000015,0.1935483870967742,5.166666666666667,322,NA,1,NA,auto_pronoun_needs_audit,1,2002,Georgia Institute of Technology,24,0,0,FALSE,2026-09-28,success,0,0,0,woman,NA,Dawn,NA,NA,NA,first_name_ssa_95pct,NA,NA,1
Statistical Science,filippo.ascolani,https://scholars.duke.edu/person/filippo.ascolani,Filippo Ascolani,Statistical Science,1,31,6.2,6,0.20000000000000015,0.1935483870967742,5.166666666666667,322,NA,0,NA,auto_pronoun_needs_audit,1,2024,Bocconi University (Italy),2,0,1,FALSE,2026-09-28,success,0,0,0,man,NA,Filippo,NA,NA,NA,first_name_ssa_95pct,NA,NA,0
Statistical Science,berger,https://scholars.duke.edu/person/berger,James O. Berger,Statistical Science,1,31,6.2,6,0.20000000000000015,0.1935483870967742,5.166666666666667,322,NA,0,Basu often opined that counterexamples were the best way to learn limitations of theories or methods and I have followed his directive in my own teaching.,auto_pronoun_needs_audit,1,1974,Cornell University,52,0,0,FALSE,2026-09-28,success,0,1,0,man,Basu often opined that counterexamples were the best way to learn limitations of theories or methods and I have followed his directive in my own teaching.,James,NA,NA,NA,profile_pronouns,NA,NA,0
Statistical Science,maria.tackett,https://scholars.duke.edu/person/maria.tackett,Maria Tackett,Statistical Science,1,31,6.2,6,0.20000000000000015,0.1935483870967742,5.166666666666667,322,"I am an Associate Professor of the Practice in the Department of Statistical Science. I primarily work on innovative and inclusive course design and curriculum development for undergraduate statistics and data science courses, with a focus on the “second course”. My research focuses on understanding the impact of identity and classroom environment on students’ sense of belonging in introductory math and statistics courses, with the aim of identifying pedagogical practices that foster community and supportive learning environments.",1,NA,auto_pronoun_needs_audit,1,2018,University of Virginia,8,0,1,FALSE,2026-09-28,success,0,0,0,woman,NA,Maria,NA,NA,NA,first_name_ssa_95pct,NA,NA,1
Statistical Science,Sean.Scott,https://scholars.duke.edu/person/Sean.Scott,Sean Scott,Statistical Science,1,31,6.2,6,0.20000000000000015,0.1935483870967742,5.166666666666667,322,NA,0,NA,auto_pronoun_needs_audit,0,NA,NA,NA,NA,0,FALSE,2026-09-28,success,0,0,0,man,NA,Sean,NA,NA,NA,first_name_ssa_95pct,NA,NA,0
Statistical Science,tokdar,https://scholars.duke.edu/person/tokdar,Surya Tapas Tokdar,Statistical Science,1,31,6.2,6,0.20000000000000015,0.1935483870967742,5.166666666666667,322,NA,NA,"Current Duke Appointments & Affiliations Professor of Statistical Science · 2022 - Present Statistical Science, Trinity College of Arts & Sciences Associate Chair in the Department of Statistical Science · 2023 - Present Statistical Science, Trinity College of Arts & Sciences Faculty Network Member of the Duke Institute for Brain Sciences · 2014 - Present Duke Institute for Brain Sciences, University Institutes and Centers Recent News Items Published November 29, 2022 Brain Cells Use A Telephone Trick To Report What They See Published July 18, 2018 Neurons Can Carry More Than One Signal at a Time View All News Items Recent Scholarly Works Neural multiplexing vs place coding: Multiplexing steps in when most needed Preprint · August 10, 2026 AbstractSensory scenes contain many different stimuli.",manual_review_required,1,2006,Purdue University,20,0,1,FALSE,2026-09-28,success,0,0,1,unknown,"Current Duke Appointments & Affiliations Professor of Statistical Science · 2022 - Present Statistical Science, Trinity College of Arts & Sciences Associate Chair in the Department of Statistical Science · 2023 - Present Statistical Science, Trinity College of Arts & Sciences Faculty Network Member of the Duke Institute for Brain Sciences · 2014 - Present Duke Institute for Brain Sciences, University Institutes and Centers Recent News Items Published November 29, 2022 Brain Cells Use A Telephone Trick To Report What They See Published July 18, 2018 Neurons Can Carry More Than One Signal at a Time View All News Items Recent Scholarly Works Neural multiplexing vs place coding: Multiplexing steps in when most needed Preprint · August 10, 2026 AbstractSensory scenes contain many different stimuli.",Surya,0.6616,0.3384,NA,manual_review,NA,0,0
